path,family,role,status,note,format,mode,width,height,bytes,has_transparency,transparent_margins_ltrb,alpha_touches_edges,alpha_bbox,sha256,error
public/brand-kit-icon-sheets/cast-icon-sheet.png,brand-kit curriculum icons,curriculum / classroom icon,USABLE SOURCE,Use only in its documented canonical role.,PNG,RGB,2800,2500,2982744,False,"[0, 0, 0, 0]","['left', 'top', 'right', 'bottom']","[0, 0, 2800, 2500]",154fafc011543a75d875f1a893c1e471cf0dd0ebc8e085ca959ccf7d1649d2a8,
public/brand-kit-icon-sheets/curriculum-grade-icon-sheet.png,brand-kit curriculum icons,curriculum / classroom icon,USABLE SOURCE,Use only in its documented canonical role.,PNG,RGB,2200,1800,3158891,False,"[0, 0, 0, 0]","['left', 'top', 'right', 'bottom']","[0, 0, 2200, 1800]",a6126030df77f49c77a976d7f9ce9f476839640f717306c2ab85a0df8307638d,
public/brand-kit-icon-sheets/curriculum-subject-icon-sheet.png,brand-kit curriculum icons,curriculum / classroom icon,USABLE SOURCE,Use only in its documented canonical role.,PNG,RGB,2800,1700,3152842,False,"[0, 0, 0, 0]","['left', 'top', 'right', 'bottom']","[0, 0, 2800, 1700]",34e631c19548fc59bfbe7217216ddd011dee9f3d033a125321fdf8e8b9369b91,
public/brand-kit-icon-sheets/grade-icons-atlas.png,brand-kit curriculum icons,reference sheet / atlas,REFERENCE ONLY,Use to select or compare assets; do not flatten interactive UI from it.,PNG,RGBA,1254,1254,1972964,True,"[79, 88, 98, 77]",[],"[79, 88, 1156, 1177]",03fd0f8ff7eac773ab5d138a14ae0ef660e5808ecc66a963323924dc77989de9,
public/brand-kit-icon-sheets/grade-icons-keyed.png,brand-kit curriculum icons,reference sheet / atlas,REFERENCE ONLY,Use to select or compare assets; do not flatten interactive UI from it.,PNG,RGB,1254,1254,2266189,False,"[0, 0, 0, 0]","['left', 'top', 'right', 'bottom']","[0, 0, 1254, 1254]",f3569b897327f137ddc52522a8c17835ac9fbfa0a557dda3089dc804502c7dbe,
public/brand-kit-icon-sheets/individual-icons/grade-1.png,brand-kit curriculum icons,curriculum / classroom icon,USABLE SOURCE,Intentionally tight crop; preserve aspect ratio and add spacing in the layout slot.,PNG,RGBA,491,504,469782,True,"[0, 0, 0, 0]","['left', 'top', 'right', 'bottom']","[0, 0, 491, 504]",29f9b3a3725d63fe8f24014b57b04e6b242c9f18a83d53487ede06c742c11f12,
public/brand-kit-icon-sheets/individual-icons/grade-2.png,brand-kit curriculum icons,curriculum / classroom icon,USABLE SOURCE,Intentionally tight crop; preserve aspect ratio and add spacing in the layout slot.,PNG,RGBA,499,507,492533,True,"[0, 0, 0, 0]","['left', 'top', 'right', 'bottom']","[0, 0, 499, 507]",5f25e5d2de35e9840b9535a0463fb53e0c7995339514a9ed0661a84b4704dcb5,
public/brand-kit-icon-sheets/individual-icons/grade-daycare.png,brand-kit curriculum icons,curriculum / classroom icon,USABLE SOURCE,Intentionally tight crop; preserve aspect ratio and add spacing in the layout slot.,PNG,RGBA,496,512,483161,True,"[0, 0, 0, 0]","['left', 'top', 'right', 'bottom']","[0, 0, 496, 512]",c4c14b1dea0508c62cac1ccdfe668fb9c1c4eefa52def1cd3adc1fa88f8d48b9,
public/brand-kit-icon-sheets/individual-icons/grade-kindergarten.png,brand-kit curriculum icons,curriculum / classroom icon,USABLE SOURCE,Intentionally tight crop; preserve aspect ratio and add spacing in the layout slot.,PNG,RGBA,505,506,488991,True,"[0, 0, 0, 0]","['left', 'top', 'right', 'bottom']","[0, 0, 505, 506]",980add25e32a82b6ee2c5e0dccae6e6fc3793217e05a0f14537fb3ef9ae1dc2b,
public/brand-kit-icon-sheets/individual-icons/subject-art-photography.png,brand-kit curriculum icons,curriculum / classroom icon,USABLE SOURCE,Intentionally tight crop; preserve aspect ratio and add spacing in the layout slot.,PNG,RGBA,305,345,253170,True,"[0, 0, 0, 0]","['left', 'top', 'right', 'bottom']","[0, 0, 305, 345]",2a285f998ecc89dee181e3a997d99eac0d5997e729b23e5619f0d74558d3f9f6,
public/brand-kit-icon-sheets/individual-icons/subject-community-leadership.png,brand-kit curriculum icons,curriculum / classroom icon,USABLE SOURCE,Intentionally tight crop; preserve aspect ratio and add spacing in the layout slot.,PNG,RGBA,340,356,254154,True,"[0, 0, 0, 0]","['left', 'top', 'right', 'bottom']","[0, 0, 340, 356]",e907bc1f912bb143b8581ad866aa2ffa41ada90db3b8b42135cf808e442e4f5a,
public/brand-kit-icon-sheets/individual-icons/subject-drama-storytelling.png,brand-kit curriculum icons,curriculum / classroom icon,USABLE SOURCE,Intentionally tight crop; preserve aspect ratio and add spacing in the layout slot.,PNG,RGBA,324,357,275686,True,"[0, 0, 0, 0]","['left', 'top', 'right', 'bottom']","[0, 0, 324, 357]",11d9f691fb4bffc46c67be8c6ec8aecfc52a4f33445c8bbfc4be71b6d83623aa,
public/brand-kit-icon-sheets/individual-icons/subject-early-learning.png,brand-kit curriculum icons,curriculum / classroom icon,USABLE SOURCE,Intentionally tight crop; preserve aspect ratio and add spacing in the layout slot.,PNG,RGBA,309,350,255526,True,"[0, 0, 0, 0]","['left', 'top', 'right', 'bottom']","[0, 0, 309, 350]",d3c043841139cf06c33066ee87a9c3ed12aee6c609e776083d919ef738726d02,
public/brand-kit-icon-sheets/individual-icons/subject-gardening-health.png,brand-kit curriculum icons,curriculum / classroom icon,USABLE SOURCE,Intentionally tight crop; preserve aspect ratio and add spacing in the layout slot.,PNG,RGBA,334,359,284289,True,"[0, 0, 0, 0]","['left', 'top', 'right', 'bottom']","[0, 0, 334, 359]",b1a7bc7382f768c43ead6e952b95a92f87af9ca091f6b6cfc45b91811e82b5e0,
public/brand-kit-icon-sheets/individual-icons/subject-math-building.png,brand-kit curriculum icons,curriculum / classroom icon,USABLE SOURCE,Intentionally tight crop; preserve aspect ratio and add spacing in the layout slot.,PNG,RGBA,318,343,293084,True,"[0, 0, 0, 0]","['left', 'top', 'right', 'bottom']","[0, 0, 318, 343]",98a57df5772b2dedf4c249151df3b1d63a90522768d04128eb62d6071a7e00fe,
public/brand-kit-icon-sheets/individual-icons/subject-music-dance.png,brand-kit curriculum icons,curriculum / classroom icon,USABLE SOURCE,Intentionally tight crop; preserve aspect ratio and add spacing in the layout slot.,PNG,RGBA,334,357,243460,True,"[0, 0, 0, 0]","['left', 'top', 'right', 'bottom']","[0, 0, 334, 357]",17b97eb9a4c8a3d07fc4eac04d1da3b986ca7ecf224c749a21426f1e7226e4a1,
public/brand-kit-icon-sheets/individual-icons/subject-physical-education.png,brand-kit curriculum icons,curriculum / classroom icon,USABLE SOURCE,Intentionally tight crop; preserve aspect ratio and add spacing in the layout slot.,PNG,RGBA,338,351,244118,True,"[0, 0, 0, 0]","['left', 'top', 'right', 'bottom']","[0, 0, 338, 351]",623b69729a24a30bb9090a00d3921904d434c2054ac0db2ddecc55805a3c320a,
public/brand-kit-icon-sheets/subject-icons-atlas.png,brand-kit curriculum icons,reference sheet / atlas,REFERENCE ONLY,Use to select or compare assets; do not flatten interactive UI from it.,PNG,RGBA,1536,1024,2159243,True,"[44, 119, 50, 117]",[],"[44, 119, 1486, 907]",745588465d6689d916a584ee379985b39b9bca77ba66915f2c16e61a9c460ca1,
public/brand-kit-icon-sheets/subject-icons-keyed.png,brand-kit curriculum icons,reference sheet / atlas,REFERENCE ONLY,Use to select or compare assets; do not flatten interactive UI from it.,PNG,RGB,1536,1024,2686792,False,"[0, 0, 0, 0]","['left', 'top', 'right', 'bottom']","[0, 0, 1536, 1024]",0a6e017372943d72140b62ca540978f01355c182cd1592353cb66c4029848763,
public/core-material-sheets-v1/01-fabric-material-palette-sheet.png,core material review sheets,curriculum / classroom icon,USABLE SOURCE,Use only in its documented canonical role.,PNG,RGB,3200,2700,6317933,False,"[0, 0, 0, 0]","['left', 'top', 'right', 'bottom']","[0, 0, 3200, 2700]",bba4a2a1241ba3874e52359cf56ada998e3088110ddc4b438ec9f8a2ea6bf078,
public/core-material-sheets-v1/02-construction-paper-palette-sheet.png,core material review sheets,curriculum / classroom icon,USABLE SOURCE,Use only in its documented canonical role.,PNG,RGB,3200,2700,8046535,False,"[0, 0, 0, 0]","['left', 'top', 'right', 'bottom']","[0, 0, 3200, 2700]",a895634a2b0ad7eab3868f13084fd57ec06e79808850cf3d01c26406907260cf,
public/core-material-sheets-v1/03-realistic-felt-stitch-border-sheet.png,core material review sheets,curriculum / classroom icon,USABLE SOURCE,Use only in its documented canonical role.,PNG,RGB,3200,2700,8533837,False,"[0, 0, 0, 0]","['left', 'top', 'right', 'bottom']","[0, 0, 3200, 2700]",253acc35301974b7eb3439aa2fc85d385d3514a81e88ba7c208a4ceaa66ea25b,
public/core-material-sheets-v1/04-felt-stitched-button-sheet.png,core material review sheets,felt patch / badge,USABLE SOURCE,Use only in its documented canonical role.,PNG,RGB,3200,2700,4309102,False,"[0, 0, 0, 0]","['left', 'top', 'right', 'bottom']","[0, 0, 3200, 2700]",8a18b51c89e431a7333143196647cf5e0eb323181c5c464c0c8bf6ec5547da78,
public/design-assets/blank-felt-patches-v1/blank-felt-patches-all-colors-all-shapes.png,blank felt patches,felt patch / badge,USABLE SOURCE,Use only in its documented canonical role.,PNG,RGBA,4800,2400,4599569,True,"[40, 141, 33, 132]",[],"[40, 141, 4767, 2268]",856d0fd6add07c919917dd7a83b34d13b7ee4b6f5b6c41546d24a0ee73731021,
public/design-assets/blank-felt-patches-v1/blank-felt-patches-circles.png,blank felt patches,felt patch / badge,USABLE SOURCE,Use only in its documented canonical role.,PNG,RGBA,2400,2400,3227213,True,"[71, 73, 61, 61]",[],"[71, 73, 2339, 2339]",b6c96f7dc32c9b0b40983d0fea6abfb9650eca0019713affcda1f9559fdd6a65,
public/design-assets/blank-felt-patches-v1/blank-felt-patches-rectangles.png,blank felt patches,felt patch / badge,USABLE SOURCE,Use only in its documented canonical role.,PNG,RGBA,2400,2400,2795319,True,"[50, 131, 50, 107]",[],"[50, 131, 2350, 2293]",3a11e12a72bc5921e6d892dde12bfe161cfc953650c36289bcd7928915212d69,
public/design-assets/blank-felt-patches-v1/blank-felt-patches-squares.png,blank felt patches,felt patch / badge,USABLE SOURCE,Use only in its documented canonical role.,PNG,RGBA,2400,2400,3403563,True,"[71, 72, 61, 60]",[],"[71, 72, 2339, 2340]",7a3c850db51cdeb8cfb2f9d66dbe0b715ecb6d86da45d8bb8bc320afed1e6b21,
public/design-assets/blank-felt-patches-v1/individual-patches/01-old-macdonald-circle.png,blank felt patches,felt patch / badge,USABLE SOURCE,Use only in its documented canonical role.,PNG,RGBA,512,512,164476,True,"[22, 24, 11, 11]",[],"[22, 24, 501, 501]",695e7f38e5a945bc19bfcf048924d55db30fd07b9cf06c7cfe194cd13ee4ff1b,
public/design-assets/blank-felt-patches-v1/individual-patches/01-old-macdonald-rectangle.png,blank felt patches,felt patch / badge,DO NOT USE,Known clipped blank rectangle export; use an approved replacement only.,PNG,RGBA,512,512,150163,True,"[0, 83, 0, 58]","['left', 'right']","[0, 83, 512, 454]",3132b348c2bf36c6f5bbfc8ec064c6dccf1153933d21d5bc47821981cbd4ea8d,
public/design-assets/blank-felt-patches-v1/individual-patches/01-old-macdonald-square.png,blank felt patches,felt patch / badge,USABLE SOURCE,Use only in its documented canonical role.,PNG,RGBA,512,512,184675,True,"[22, 23, 11, 10]",[],"[22, 23, 501, 502]",f15b866d5fb1501a67ad0da1fe4a0006b5bbcb2c10de324d4ca90a608e32d9ca,
public/design-assets/blank-felt-patches-v1/individual-patches/02-miss-puddles-circle.png,blank felt patches,felt patch / badge,USABLE SOURCE,Use only in its documented canonical role.,PNG,RGBA,512,512,167724,True,"[22, 24, 11, 11]",[],"[22, 24, 501, 501]",824f3476736c02cdc1639af48fc68ca83f5894966e05432164268064aa1b440a,
public/design-assets/blank-felt-patches-v1/individual-patches/02-miss-puddles-rectangle.png,blank felt patches,felt patch / badge,DO NOT USE,Known clipped blank rectangle export; use an approved replacement only.,PNG,RGBA,512,512,153941,True,"[0, 83, 0, 58]","['left', 'right']","[0, 83, 512, 454]",3ecb34661f913c685e720b020466bb136dd8490936b03f1ae957506601c33d10,
public/design-assets/blank-felt-patches-v1/individual-patches/02-miss-puddles-square.png,blank felt patches,felt patch / badge,USABLE SOURCE,Use only in its documented canonical role.,PNG,RGBA,512,512,189451,True,"[22, 23, 11, 10]",[],"[22, 23, 501, 502]",0adebec640d0e94ebc0d826667de463ad9c538e4e3ba8ec932951c16731097a7,
public/design-assets/blank-felt-patches-v1/individual-patches/03-mr-rusty-circle.png,blank felt patches,felt patch / badge,USABLE SOURCE,Use only in its documented canonical role.,PNG,RGBA,512,512,176437,True,"[22, 24, 11, 11]",[],"[22, 24, 501, 501]",19a3b81b9d5f19c4ca8e4659652c4d17d8ee30ab571ef5d81ac2ca11dda60b8e,
public/design-assets/blank-felt-patches-v1/individual-patches/03-mr-rusty-rectangle.png,blank felt patches,felt patch / badge,DO NOT USE,Known clipped blank rectangle export; use an approved replacement only.,PNG,RGBA,512,512,163260,True,"[0, 83, 0, 58]","['left', 'right']","[0, 83, 512, 454]",06866ec3780232c53ae4c1e514310b708fe6604328d569fd1cefd9087a28920d,
public/design-assets/blank-felt-patches-v1/individual-patches/03-mr-rusty-square.png,blank felt patches,felt patch / badge,USABLE SOURCE,Use only in its documented canonical role.,PNG,RGBA,512,512,200788,True,"[22, 23, 11, 10]",[],"[22, 23, 501, 502]",46c5744cc943764fa23d26e198a6904567af4d46583f9e17fc233a6677a26035,
public/design-assets/blank-felt-patches-v1/individual-patches/04-miss-hayley-circle.png,blank felt patches,felt patch / badge,USABLE SOURCE,Use only in its documented canonical role.,PNG,RGBA,512,512,159743,True,"[22, 24, 11, 11]",[],"[22, 24, 501, 501]",d900faf74e972a6467a9ac9e87881e1d43843950805f98319e0c617ef7df5bc6,
public/design-assets/blank-felt-patches-v1/individual-patches/04-miss-hayley-rectangle.png,blank felt patches,felt patch / badge,DO NOT USE,Known clipped blank rectangle export; use an approved replacement only.,PNG,RGBA,512,512,144466,True,"[0, 83, 0, 58]","['left', 'right']","[0, 83, 512, 454]",c9b7d11a66bc8410d88521307c6dbb6d1683b86dbbc0eab4b9e8909b6976bddb,
public/design-assets/blank-felt-patches-v1/individual-patches/04-miss-hayley-square.png,blank felt patches,felt patch / badge,USABLE SOURCE,Use only in its documented canonical role.,PNG,RGBA,512,512,177426,True,"[22, 23, 11, 10]",[],"[22, 23, 501, 502]",f445dc988fae989fada46f8871342c05c0692ebd18da63c6863da29266b6cba2,
public/design-assets/blank-felt-patches-v1/individual-patches/05-mr-sam-circle.png,blank felt patches,felt patch / badge,USABLE SOURCE,Use only in its documented canonical role.,PNG,RGBA,512,512,141755,True,"[22, 24, 11, 11]",[],"[22, 24, 501, 501]",d76e9494ffeeaf482c47a3e66a2f834b661f2f5721754008c644552efa2d5540,
public/design-assets/blank-felt-patches-v1/individual-patches/05-mr-sam-rectangle.png,blank felt patches,felt patch / badge,DO NOT USE,Known clipped blank rectangle export; use an approved replacement only.,PNG,RGBA,512,512,125970,True,"[0, 83, 0, 58]","['left', 'right']","[0, 83, 512, 454]",8e3bd03bf4f9223be2da5126cc86d336d071970cea408662232e090eb7ea5366,
public/design-assets/blank-felt-patches-v1/individual-patches/05-mr-sam-square.png,blank felt patches,felt patch / badge,USABLE SOURCE,Use only in its documented canonical role.,PNG,RGBA,512,512,153318,True,"[22, 23, 11, 10]",[],"[22, 23, 501, 502]",03b822b867e7ff71b5ee288753ee3c7caae5730eb06c9cf1ba40c528fa43838b,
public/design-assets/blank-felt-patches-v1/individual-patches/06-mr-maisy-circle.png,blank felt patches,felt patch / badge,USABLE SOURCE,Use only in its documented canonical role.,PNG,RGBA,512,512,164630,True,"[22, 24, 11, 11]",[],"[22, 24, 501, 501]",9784f99739f8421e8ba64cf8876c9b005c790870e20181bc77392b5817b1ea58,
public/design-assets/blank-felt-patches-v1/individual-patches/06-mr-maisy-rectangle.png,blank felt patches,felt patch / badge,DO NOT USE,Known clipped blank rectangle export; use an approved replacement only.,PNG,RGBA,512,512,150288,True,"[0, 83, 0, 58]","['left', 'right']","[0, 83, 512, 454]",e5642f8d4c54f9951eb4feb20d4aca02992db7cb95a44f584426e9846bc6eadd,
public/design-assets/blank-felt-patches-v1/individual-patches/06-mr-maisy-square.png,blank felt patches,felt patch / badge,USABLE SOURCE,Use only in its documented canonical role.,PNG,RGBA,512,512,184625,True,"[22, 23, 11, 10]",[],"[22, 23, 501, 502]",1bbecd47c15c3ce5246fb59d8bb987d0495df7052b1365c217bf949b05aeabda,
public/design-assets/blank-felt-patches-v1/individual-patches/07-mr-puddles-circle.png,blank felt patches,felt patch / badge,USABLE SOURCE,Use only in its documented canonical role.,PNG,RGBA,512,512,165517,True,"[22, 24, 11, 11]",[],"[22, 24, 501, 501]",676df05baa63a62aa9535515d02ccd2bbc603dd9e241620b53c07489fb3f89ea,
public/design-assets/blank-felt-patches-v1/individual-patches/07-mr-puddles-rectangle.png,blank felt patches,felt patch / badge,DO NOT USE,Known clipped blank rectangle export; use an approved replacement only.,PNG,RGBA,512,512,152159,True,"[0, 83, 0, 58]","['left', 'right']","[0, 83, 512, 454]",502c739ec03ec97248481a8cad1182ca917a9cca3aea951980671da0d71df626,
public/design-assets/blank-felt-patches-v1/individual-patches/07-mr-puddles-square.png,blank felt patches,felt patch / badge,USABLE SOURCE,Use only in its documented canonical role.,PNG,RGBA,512,512,186603,True,"[22, 23, 11, 10]",[],"[22, 23, 501, 502]",76e53d6531ad356762aa31bcf62efda700d18d987c3df5f9aba68cb57be70b7b,
public/design-assets/blank-felt-patches-v1/individual-patches/08-miss-maisy-circle.png,blank felt patches,felt patch / badge,USABLE SOURCE,Use only in its documented canonical role.,PNG,RGBA,512,512,178795,True,"[22, 24, 11, 11]",[],"[22, 24, 501, 501]",c246803702822ac522f36c6fe2e03cd8e61a1533e8a5495522e568a37590971a,
public/design-assets/blank-felt-patches-v1/individual-patches/08-miss-maisy-rectangle.png,blank felt patches,felt patch / badge,DO NOT USE,Known clipped blank rectangle export; use an approved replacement only.,PNG,RGBA,512,512,164410,True,"[0, 83, 0, 58]","['left', 'right']","[0, 83, 512, 454]",7157f598f1cdfd461c7870f6155f1728255eb2ba0e61ca0f6d67d478990c763f,
public/design-assets/blank-felt-patches-v1/individual-patches/08-miss-maisy-square.png,blank felt patches,felt patch / badge,USABLE SOURCE,Use only in its documented canonical role.,PNG,RGBA,512,512,201943,True,"[22, 23, 11, 10]",[],"[22, 23, 501, 502]",bf36bdcaa05165b5af7e9324e8da8c06709e29b2e507b4f9fc53e08227ec48d1,
public/design-assets/blank-felt-patches-v1/individual-patches/09-hopper-circle.png,blank felt patches,felt patch / badge,USABLE SOURCE,Use only in its documented canonical role.,PNG,RGBA,512,512,174068,True,"[22, 24, 11, 11]",[],"[22, 24, 501, 501]",41b9a1a1fd181a9073f77b90301f8d39158d01244d1dc94b7f482ca5bad5d67e,
public/design-assets/blank-felt-patches-v1/individual-patches/09-hopper-rectangle.png,blank felt patches,felt patch / badge,DO NOT USE,Known clipped blank rectangle export; use an approved replacement only.,PNG,RGBA,512,512,160409,True,"[0, 83, 0, 58]","['left', 'right']","[0, 83, 512, 454]",deb9c2e8ef3395274f35a029495721960f84450b6ddaa4e90d35c9f99a3f3464,
public/design-assets/blank-felt-patches-v1/individual-patches/09-hopper-square.png,blank felt patches,felt patch / badge,USABLE SOURCE,Use only in its documented canonical role.,PNG,RGBA,512,512,196966,True,"[22, 23, 11, 10]",[],"[22, 23, 501, 502]",d961437271a65641606c5e4451ec8aafb34ef31610a919cdee385b7a99b9fc62,
public/design-assets/blank-felt-patches-v1/individual-patches/10-whiskers-circle.png,blank felt patches,felt patch / badge,USABLE SOURCE,Use only in its documented canonical role.,PNG,RGBA,512,512,154144,True,"[22, 24, 11, 11]",[],"[22, 24, 501, 501]",77610a06bbcee893191ff88d002bd2cb008d26c663e2baf51667f6b13c70514f,
public/design-assets/blank-felt-patches-v1/individual-patches/10-whiskers-rectangle.png,blank felt patches,felt patch / badge,DO NOT USE,Known clipped blank rectangle export; use an approved replacement only.,PNG,RGBA,512,512,140005,True,"[0, 83, 0, 58]","['left', 'right']","[0, 83, 512, 454]",fb753a9a7b8d06309231b60a93f5a73a19e30b444465d4cb067347556760afec,
public/design-assets/blank-felt-patches-v1/individual-patches/10-whiskers-square.png,blank felt patches,felt patch / badge,USABLE SOURCE,Use only in its documented canonical role.,PNG,RGBA,512,512,170889,True,"[22, 23, 11, 10]",[],"[22, 23, 501, 502]",fd060f5f5c3bf4bdc7a18becbb04cbba721165be078ca720a5084c3f5cd34c01,
public/design-assets/blank-felt-patches-v1/individual-patches/11-scout-circle.png,blank felt patches,felt patch / badge,USABLE SOURCE,Use only in its documented canonical role.,PNG,RGBA,512,512,179818,True,"[22, 24, 11, 11]",[],"[22, 24, 501, 501]",6132434d79f648d0b3fa7719e5f7f979c55e925e59647fe1b4b01391b514963d,
public/design-assets/blank-felt-patches-v1/individual-patches/11-scout-rectangle.png,blank felt patches,felt patch / badge,DO NOT USE,Known clipped blank rectangle export; use an approved replacement only.,PNG,RGBA,512,512,165156,True,"[0, 83, 0, 58]","['left', 'right']","[0, 83, 512, 454]",80caa2c9527689f85098fa5038ba2a7d70474b0f0e7b365ff8f39a516bab40de,
public/design-assets/blank-felt-patches-v1/individual-patches/11-scout-square.png,blank felt patches,felt patch / badge,USABLE SOURCE,Use only in its documented canonical role.,PNG,RGBA,512,512,203007,True,"[22, 23, 11, 10]",[],"[22, 23, 501, 502]",8d525033bccfbd042b6aa40faef2f7e2917ffca89d932f8a00aba8db6a80d8b0,
public/design-assets/blank-felt-patches-v1/individual-patches/12-penny-circle.png,blank felt patches,felt patch / badge,USABLE SOURCE,Use only in its documented canonical role.,PNG,RGBA,512,512,172038,True,"[22, 24, 11, 11]",[],"[22, 24, 501, 501]",c862bad4a9cd0d219a7cf924865821c154612260e9800ed50f391ed43e2c0c1f,
public/design-assets/blank-felt-patches-v1/individual-patches/12-penny-rectangle.png,blank felt patches,felt patch / badge,DO NOT USE,Known clipped blank rectangle export; use an approved replacement only.,PNG,RGBA,512,512,158377,True,"[0, 83, 0, 58]","['left', 'right']","[0, 83, 512, 454]",f7a7b8bdf0eb34ca29a3fa11a67441404a97d26af3938334f95974977080a822,
public/design-assets/blank-felt-patches-v1/individual-patches/12-penny-square.png,blank felt patches,felt patch / badge,USABLE SOURCE,Use only in its documented canonical role.,PNG,RGBA,512,512,194561,True,"[22, 23, 11, 10]",[],"[22, 23, 501, 502]",4df3bcf20a04e6dfe11eb2c9985a35c53382a361260d90b70b389e1c76a125d9,
public/design-assets/blank-felt-patches-v1/individual-patches/13-maisy-circle.png,blank felt patches,felt patch / badge,USABLE SOURCE,Use only in its documented canonical role.,PNG,RGBA,512,512,179485,True,"[22, 24, 11, 11]",[],"[22, 24, 501, 501]",ca3cbbb913be0a31dbac9f64c8bb85c57bd0a7ceef121dd3927a015fc88f3878,
public/design-assets/blank-felt-patches-v1/individual-patches/13-maisy-rectangle.png,blank felt patches,felt patch / badge,DO NOT USE,Known clipped blank rectangle export; use an approved replacement only.,PNG,RGBA,512,512,165638,True,"[0, 83, 0, 58]","['left', 'right']","[0, 83, 512, 454]",2e6756b9f6e706e4fb225e1e189692b082a77f7de50bd788166694ba1b4b900f,
public/design-assets/blank-felt-patches-v1/individual-patches/13-maisy-square.png,blank felt patches,felt patch / badge,USABLE SOURCE,Use only in its documented canonical role.,PNG,RGBA,512,512,204233,True,"[22, 23, 11, 10]",[],"[22, 23, 501, 502]",1e3f05a4c2d5687ab6391b4c1f26e22c9aae272b0fac1984a9c428c7433e7319,
public/design-assets/blank-felt-patches-v1/individual-patches/14-puddles-circle.png,blank felt patches,felt patch / badge,USABLE SOURCE,Use only in its documented canonical role.,PNG,RGBA,512,512,160010,True,"[22, 24, 11, 11]",[],"[22, 24, 501, 501]",55492b537240c9ace12e15493f2cc6ef6767590c3508098b25a425f7c115589e,
public/design-assets/blank-felt-patches-v1/individual-patches/14-puddles-rectangle.png,blank felt patches,felt patch / badge,DO NOT USE,Known clipped blank rectangle export; use an approved replacement only.,PNG,RGBA,512,512,145118,True,"[0, 83, 0, 58]","['left', 'right']","[0, 83, 512, 454]",feff59b6d1f27ab4ebfb422e5163f5d2e449dfacaefb1c727ad12ad61b223455,
public/design-assets/blank-felt-patches-v1/individual-patches/14-puddles-square.png,blank felt patches,felt patch / badge,USABLE SOURCE,Use only in its documented canonical role.,PNG,RGBA,512,512,178251,True,"[22, 23, 11, 10]",[],"[22, 23, 501, 502]",083bd213c26a070297c63f6d38d3f4bcdc55c71306a3194fed2c74fd011e9cc3,
public/design-assets/blank-felt-patches-v1/individual-patches/15-sam-circle.png,blank felt patches,felt patch / badge,USABLE SOURCE,Use only in its documented canonical role.,PNG,RGBA,512,512,159233,True,"[22, 24, 11, 11]",[],"[22, 24, 501, 501]",337d7385a986f7fe0962b3e6b7630234964c664caa6e5f000770b33a79351a5c,
public/design-assets/blank-felt-patches-v1/individual-patches/15-sam-rectangle.png,blank felt patches,felt patch / badge,DO NOT USE,Known clipped blank rectangle export; use an approved replacement only.,PNG,RGBA,512,512,143867,True,"[0, 83, 0, 58]","['left', 'right']","[0, 83, 512, 454]",59683e55392e203b7c07a3a67c3074195e3211ae2d09466cfab083c524afc2f0,
public/design-assets/blank-felt-patches-v1/individual-patches/15-sam-square.png,blank felt patches,felt patch / badge,USABLE SOURCE,Use only in its documented canonical role.,PNG,RGBA,512,512,176676,True,"[22, 23, 11, 10]",[],"[22, 23, 501, 502]",38a3dd747a98c51a6a653c021a37d146d77f7e81291e8e6f48e923ba512c0bdf,
public/design-assets/blank-felt-patches-v1/individual-patches/16-rusty-circle.png,blank felt patches,felt patch / badge,USABLE SOURCE,Use only in its documented canonical role.,PNG,RGBA,512,512,172399,True,"[22, 24, 11, 11]",[],"[22, 24, 501, 501]",f66a0326a0ff8a1b28302e865a5e569ead82b49a5b21c7e0b36ffec169ce3798,
public/design-assets/blank-felt-patches-v1/individual-patches/16-rusty-rectangle.png,blank felt patches,felt patch / badge,DO NOT USE,Known clipped blank rectangle export; use an approved replacement only.,PNG,RGBA,512,512,157943,True,"[0, 83, 0, 58]","['left', 'right']","[0, 83, 512, 454]",9b8085eda8d12a6471716df594c19d6fb7bcfec7d8d840cc3be07e198312054d,
public/design-assets/blank-felt-patches-v1/individual-patches/16-rusty-square.png,blank felt patches,felt patch / badge,USABLE SOURCE,Use only in its documented canonical role.,PNG,RGBA,512,512,194145,True,"[22, 23, 11, 10]",[],"[22, 23, 501, 502]",38b2fd0a36e9250feb08a9f2cc9735bc76eb30a960ad5061213a0c99d7422f17,
public/design-assets/classroom-fasteners-v1/classroom-fasteners-transparent-sheet.png,classroom fasteners,fastener / attachment cue,USABLE SOURCE,Use only in its documented canonical role.,PNG,RGBA,1254,1254,1084450,True,"[41, 44, 51, 74]",[],"[41, 44, 1203, 1180]",4aa47f1cedc756b23e3618dfe8a5c193e0b1ab3ef2733c7b3e2c8cf13000af78,
public/design-assets/classroom-fasteners-v1/individual-icons/01-push-pin-rounded.png,classroom fasteners,fastener / attachment cue,USABLE SOURCE,Use only in its documented canonical role.,PNG,RGBA,512,512,58862,True,"[176, 127, 178, 128]",[],"[176, 127, 334, 384]",d7190d543c3db101431f6ae5bd83f2ab7ddd070ad0d6a799575a9dfce282571d,
public/design-assets/classroom-fasteners-v1/individual-icons/02-thumbtack-flat.png,classroom fasteners,fastener / attachment cue,USABLE SOURCE,Use only in its documented canonical role.,PNG,RGBA,512,512,46218,True,"[186, 130, 188, 131]",[],"[186, 130, 324, 381]",a1f21813925e28febb945447b0e4d5cbe7e7dbd26b11f4d7fad0306730c14902,
public/design-assets/classroom-fasteners-v1/individual-icons/03-paperclip-double-loop.png,classroom fasteners,fastener / attachment cue,USABLE SOURCE,Use only in its documented canonical role.,PNG,RGBA,512,512,48095,True,"[150, 130, 151, 130]",[],"[150, 130, 361, 382]",84348f92c769048af578678c44a74380dd4661a4066646ec8ab3348fd4d77940,
public/design-assets/classroom-fasteners-v1/individual-icons/04-binder-clip.png,classroom fasteners,fastener / attachment cue,USABLE SOURCE,Use only in its documented canonical role.,PNG,RGBA,512,512,78567,True,"[144, 131, 145, 132]",[],"[144, 131, 367, 380]",8860b5353ded78d0b04ef79fb7861c8146066e694630d3dc1c2b9742c5dfacd5,
public/design-assets/classroom-fasteners-v1/individual-icons/05-masking-tape.png,classroom fasteners,fastener / attachment cue,USABLE SOURCE,Use only in its documented canonical role.,PNG,RGBA,512,512,69569,True,"[129, 133, 130, 134]",[],"[129, 133, 382, 378]",198ffd0a89304f39f90a560cf146d0bb7cab48a889f43a5db0aba6bdc9a7ee4e,
public/design-assets/classroom-fasteners-v1/individual-icons/06-washi-tape.png,classroom fasteners,fastener / attachment cue,USABLE SOURCE,Use only in its documented canonical role.,PNG,RGBA,512,512,77400,True,"[129, 189, 130, 190]",[],"[129, 189, 382, 322]",7f94b5030d4a3bffc162a7fa2c2a3816e3dcf1dbc69fae3e79436153af5f3c2a,
public/design-assets/classroom-fasteners-v1/individual-icons/07-staples-pair.png,classroom fasteners,fastener / attachment cue,USABLE SOURCE,Use only in its documented canonical role.,PNG,RGBA,512,512,32468,True,"[153, 164, 153, 165]",[],"[153, 164, 359, 347]",6f8245f10c8006eab3a99a8ef013fe26443cf782c5eee998057f08deafff269b,
public/design-assets/classroom-fasteners-v1/individual-icons/08-safety-pin.png,classroom fasteners,fastener / attachment cue,USABLE SOURCE,Use only in its documented canonical role.,PNG,RGBA,512,512,38133,True,"[128, 177, 129, 178]",[],"[128, 177, 383, 334]",f451c804f48b3b1bd97f4fd3b8c750288a5cc597734ea485d2d6ea1a28151605,
public/design-assets/classroom-fasteners-v1/individual-icons/09-wooden-clothespin.png,classroom fasteners,fastener / attachment cue,USABLE SOURCE,Use only in its documented canonical role.,PNG,RGBA,512,512,73069,True,"[152, 131, 153, 132]",[],"[152, 131, 359, 380]",6402af23bbc0053eb8f27b2d88388dc18a8a9b1563ea6c64a315ef3a4ed78011,
public/design-assets/classroom-fasteners-v1/individual-icons/10-sticky-note.png,classroom fasteners,fastener / attachment cue,USABLE SOURCE,Use only in its documented canonical role.,PNG,RGBA,512,512,112890,True,"[142, 144, 142, 144]",[],"[142, 144, 370, 368]",015c7246f6f31658b39f0aa91bb3354852b44f733d1185aed581127453f9571a,
public/design-assets/classroom-fasteners-v1/individual-icons/11-stitched-label-tab.png,classroom fasteners,fastener / attachment cue,USABLE SOURCE,Use only in its documented canonical role.,PNG,RGBA,512,512,93301,True,"[127, 126, 128, 127]",[],"[127, 126, 384, 385]",0b52dcdfb0cb18bff0c884c54fc07d82f6164c0d339178e6672a265166d9abc6,
public/design-assets/classroom-fasteners-v1/individual-icons/12-reinforcement-ring.png,classroom fasteners,fastener / attachment cue,USABLE SOURCE,Use only in its documented canonical role.,PNG,RGBA,512,512,79366,True,"[154, 112, 155, 113]",[],"[154, 112, 357, 399]",19d40b5cfe63aace235fe6744eb3d4582a773f925c15b4de1be663a6a7ca8a9a,
public/design-assets/classroom-fasteners-v1/individual-icons/13-brass-split-pin.png,classroom fasteners,fastener / attachment cue,USABLE SOURCE,Use only in its documented canonical role.,PNG,RGBA,512,512,52134,True,"[182, 141, 184, 142]",[],"[182, 141, 328, 370]",cb5c3faf125e3a05375ae4e1a9239ccc5fb139c3b6167f2c0fbc1f8a230de728,
public/design-assets/classroom-fasteners-v1/individual-icons/14-sewing-button.png,classroom fasteners,fastener / attachment cue,USABLE SOURCE,Use only in its documented canonical role.,PNG,RGBA,512,512,109803,True,"[143, 142, 144, 142]",[],"[143, 142, 368, 370]",373d931aa7412280f4b75056e1e1d5a386ef897897424dda4c108ac547ae5de0,
public/design-assets/classroom-fasteners-v1/individual-icons/15-thread-spool.png,classroom fasteners,fastener / attachment cue,USABLE SOURCE,Use only in its documented canonical role.,PNG,RGBA,512,512,97682,True,"[169, 136, 169, 136]",[],"[169, 136, 343, 376]",b0ccd86d6cf134a41ee27377c7727feb922c33d28ae232a2def5296c47407b4c,
public/design-assets/classroom-fasteners-v1/individual-icons/16-needle-and-thread.png,classroom fasteners,fastener / attachment cue,USABLE SOURCE,Use only in its documented canonical role.,PNG,RGBA,512,512,39040,True,"[144, 137, 145, 137]",[],"[144, 137, 367, 375]",2c84053197aba97b5b50358786bb8d9f48d88f46de60264cb867cf43b8b1eafb,
public/design-assets/theme-toggle-patches-v1/moon-patch.png,theme toggle patches,felt patch / badge,USABLE SOURCE,Use only in its documented canonical role.,PNG,RGBA,1254,1254,1524330,True,"[159, 151, 162, 164]",[],"[159, 151, 1092, 1090]",9b8335d225d5fe01c75f284c71b8b1569eda31b4aeac833f72b968648c597a9b,
public/design-assets/theme-toggle-patches-v1/sun-moon-patches.png,theme toggle patches,felt patch / badge,USABLE SOURCE,Use only in its documented canonical role.,PNG,RGBA,1536,1024,1337761,True,"[96, 165, 95, 214]",[],"[96, 165, 1441, 810]",058695718aacbf98c699d678f677ddf61e1b5f581d69a04a740c89117d1476b4,
public/design-assets/theme-toggle-patches-v1/sun-patch.png,theme toggle patches,felt patch / badge,USABLE SOURCE,Use only in its documented canonical role.,PNG,RGBA,1254,1254,950516,True,"[190, 186, 180, 205]",[],"[190, 186, 1074, 1049]",40dee7d44bebac0b64d42c85a7734c37c8ae297b287d22197efb89516ecc58fb,
public/design-assets/web-material-library-v1/cardboard/cardboard-dark-kraft-tile.png,web material textures,repeatable material texture,USABLE SOURCE,Use only in its documented canonical role.,PNG,RGB,512,512,124594,False,"[0, 0, 0, 0]","['left', 'top', 'right', 'bottom']","[0, 0, 512, 512]",12ccf32de7b4b8f504ef0e9d3a321403328941984c120a28263b3cf4a58ee571,
public/design-assets/web-material-library-v1/cardboard/cardboard-ivory-tile.png,web material textures,repeatable material texture,USABLE SOURCE,Use only in its documented canonical role.,PNG,RGB,512,512,116806,False,"[0, 0, 0, 0]","['left', 'top', 'right', 'bottom']","[0, 0, 512, 512]",57687131b78781f335dbc57020755ec936c418e90f0d53a7a596fe2f5ae3a40d,
public/design-assets/web-material-library-v1/cardboard/cardboard-recycled-tile.png,web material textures,repeatable material texture,USABLE SOURCE,Use only in its documented canonical role.,PNG,RGB,512,512,125597,False,"[0, 0, 0, 0]","['left', 'top', 'right', 'bottom']","[0, 0, 512, 512]",0304e7a47a2a943f68c6dbc8d6105ead0871cd762dab80b002829ae225112f50,
public/design-assets/web-material-library-v1/cardboard/cardboard-warm-kraft-tile.png,web material textures,repeatable material texture,USABLE SOURCE,Use only in its documented canonical role.,PNG,RGB,512,512,125632,False,"[0, 0, 0, 0]","['left', 'top', 'right', 'bottom']","[0, 0, 512, 512]",21ceef004bef97e43517141044bf86b12ce7f490ba1a0559ca2aedc3c05f2f23,
public/design-assets/web-material-library-v1/cardboard-contact-sheet.png,web material textures,reference sheet / atlas,REFERENCE ONLY,Use to select or compare assets; do not flatten interactive UI from it.,PNG,RGB,2048,2048,1026724,False,"[0, 0, 0, 0]","['left', 'top', 'right', 'bottom']","[0, 0, 2048, 2048]",5eef15b6dcb0b6a8b657215cf7d3e721c74351793aedb717c2211c0d6d471046,
public/design-assets/web-material-library-v1/construction-paper/construction-paper-01-old-macdonald-tile.png,web material textures,repeatable material texture,USABLE SOURCE,Use only in its documented canonical role.,PNG,RGB,512,512,111159,False,"[0, 0, 0, 0]","['left', 'top', 'right', 'bottom']","[0, 0, 512, 512]",818209d45851da9019afad2ea66462d25ed5aeb0e9f524995a3fad4fc9ce5708,
public/design-assets/web-material-library-v1/construction-paper/construction-paper-02-miss-puddles-tile.png,web material textures,repeatable material texture,USABLE SOURCE,Use only in its documented canonical role.,PNG,RGB,512,512,114624,False,"[0, 0, 0, 0]","['left', 'top', 'right', 'bottom']","[0, 0, 512, 512]",18850cf270df1648e791f02bb826b005ea0edeb7ebce2cdcf1a88f9dd88ad01d,
public/design-assets/web-material-library-v1/construction-paper/construction-paper-03-mr-rusty-tile.png,web material textures,repeatable material texture,USABLE SOURCE,Use only in its documented canonical role.,PNG,RGB,512,512,111293,False,"[0, 0, 0, 0]","['left', 'top', 'right', 'bottom']","[0, 0, 512, 512]",8aed06737a53f0ed2262f5ddf7f17edc5f6d35e4bfa1086e9d5219a0bb94aac4,
public/design-assets/web-material-library-v1/construction-paper/construction-paper-04-miss-hayley-tile.png,web material textures,repeatable material texture,USABLE SOURCE,Use only in its documented canonical role.,PNG,RGB,512,512,113830,False,"[0, 0, 0, 0]","['left', 'top', 'right', 'bottom']","[0, 0, 512, 512]",b129a57ee640d7caf0fa0b0c46ca4376cc1bbdd97db6d099311dbd27513b7687,
public/design-assets/web-material-library-v1/construction-paper/construction-paper-05-mr-sam-tile.png,web material textures,repeatable material texture,USABLE SOURCE,Use only in its documented canonical role.,PNG,RGB,512,512,110272,False,"[0, 0, 0, 0]","['left', 'top', 'right', 'bottom']","[0, 0, 512, 512]",4c0eae98c174cab9446b405d2b165da68653ab65d74b4bbd5a8170dd0150a3d3,
public/design-assets/web-material-library-v1/construction-paper/construction-paper-06-mr-maisy-tile.png,web material textures,repeatable material texture,USABLE SOURCE,Use only in its documented canonical role.,PNG,RGB,512,512,110640,False,"[0, 0, 0, 0]","['left', 'top', 'right', 'bottom']","[0, 0, 512, 512]",43ce7620bdf9e030bbb33f468f7475026ba50762dbb7aabfbc093296dd7d9af8,
public/design-assets/web-material-library-v1/construction-paper/construction-paper-07-mr-puddles-tile.png,web material textures,repeatable material texture,USABLE SOURCE,Use only in its documented canonical role.,PNG,RGB,512,512,111955,False,"[0, 0, 0, 0]","['left', 'top', 'right', 'bottom']","[0, 0, 512, 512]",ab3c14f704fec7052d6602955a2b9c8eada45a6cfc2b710c2e390d16a2c52139,
public/design-assets/web-material-library-v1/construction-paper/construction-paper-08-miss-maisy-tile.png,web material textures,repeatable material texture,USABLE SOURCE,Use only in its documented canonical role.,PNG,RGB,512,512,111124,False,"[0, 0, 0, 0]","['left', 'top', 'right', 'bottom']","[0, 0, 512, 512]",261dc0c0232597ebf17db6630b3157006a6113500f2a6660e55c3a004f908664,
public/design-assets/web-material-library-v1/construction-paper/construction-paper-09-hopper-tile.png,web material textures,repeatable material texture,USABLE SOURCE,Use only in its documented canonical role.,PNG,RGB,512,512,113314,False,"[0, 0, 0, 0]","['left', 'top', 'right', 'bottom']","[0, 0, 512, 512]",963f1768c03792df8813f81cc4db9f5229481ac65cc68a7f02c80307bef34a54,
public/design-assets/web-material-library-v1/construction-paper/construction-paper-10-whiskers-tile.png,web material textures,repeatable material texture,USABLE SOURCE,Use only in its documented canonical role.,PNG,RGB,512,512,112737,False,"[0, 0, 0, 0]","['left', 'top', 'right', 'bottom']","[0, 0, 512, 512]",f0dad27c0ff78f0803b429c15044114f82f48cb8aa4fae8ce9f097da03a7f2c4,
public/design-assets/web-material-library-v1/construction-paper/construction-paper-11-scout-tile.png,web material textures,repeatable material texture,USABLE SOURCE,Use only in its documented canonical role.,PNG,RGB,512,512,110482,False,"[0, 0, 0, 0]","['left', 'top', 'right', 'bottom']","[0, 0, 512, 512]",35b8e94bbc51af241062e1d3fd7fb5dbecffcd17e02661daa99235b4eb1f2293,
public/design-assets/web-material-library-v1/construction-paper/construction-paper-12-penny-tile.png,web material textures,repeatable material texture,USABLE SOURCE,Use only in its documented canonical role.,PNG,RGB,512,512,113531,False,"[0, 0, 0, 0]","['left', 'top', 'right', 'bottom']","[0, 0, 512, 512]",f1977be6fcc07b2085ffdc20c2e3ef0a56f0373a0923b77a55c31b2813abed76,
public/design-assets/web-material-library-v1/construction-paper/construction-paper-13-maisy-tile.png,web material textures,repeatable material texture,USABLE SOURCE,Use only in its documented canonical role.,PNG,RGB,512,512,109914,False,"[0, 0, 0, 0]","['left', 'top', 'right', 'bottom']","[0, 0, 512, 512]",37666d6f1d7978ef28cf1365837c8d625ec4558b87005d806fdc9ebdc9bf800c,
public/design-assets/web-material-library-v1/construction-paper/construction-paper-14-puddles-tile.png,web material textures,repeatable material texture,USABLE SOURCE,Use only in its documented canonical role.,PNG,RGB,512,512,114822,False,"[0, 0, 0, 0]","['left', 'top', 'right', 'bottom']","[0, 0, 512, 512]",cdf9b8b3ab4c4de0b54de199e8245a4177436daea8fcfb3604956bf815138e90,
public/design-assets/web-material-library-v1/construction-paper/construction-paper-15-sam-tile.png,web material textures,repeatable material texture,USABLE SOURCE,Use only in its documented canonical role.,PNG,RGB,512,512,112045,False,"[0, 0, 0, 0]","['left', 'top', 'right', 'bottom']","[0, 0, 512, 512]",a0117852bc308ae3711713ea5e007575d741709129ec15ee4f151ac6bf0e425a,
public/design-assets/web-material-library-v1/construction-paper/construction-paper-16-rusty-tile.png,web material textures,repeatable material texture,USABLE SOURCE,Use only in its documented canonical role.,PNG,RGB,512,512,110768,False,"[0, 0, 0, 0]","['left', 'top', 'right', 'bottom']","[0, 0, 512, 512]",204da6f8ec709ae03070b0aa1ea39170a77edd4f9f8516a94e0e309073d72247,
public/design-assets/web-material-library-v1/construction-paper-contact-sheet.png,web material textures,reference sheet / atlas,REFERENCE ONLY,Use to select or compare assets; do not flatten interactive UI from it.,PNG,RGB,2048,2048,583160,False,"[0, 0, 0, 0]","['left', 'top', 'right', 'bottom']","[0, 0, 2048, 2048]",2abb6b4ce6a649509a9a4f4810a9c85ff03905fb1f45bc80745007e7eaf7bea8,
public/design-assets/web-material-library-v1/felt/felt-01-old-macdonald-tile.png,web material textures,repeatable material texture,USABLE SOURCE,Use only in its documented canonical role.,PNG,RGB,512,512,134576,False,"[0, 0, 0, 0]","['left', 'top', 'right', 'bottom']","[0, 0, 512, 512]",dbed8d9c625b45b3b2916a9c6c977a4707708d7716ca712b47f78c80d7c79455,
public/design-assets/web-material-library-v1/felt/felt-02-miss-puddles-tile.png,web material textures,repeatable material texture,USABLE SOURCE,Use only in its documented canonical role.,PNG,RGB,512,512,134727,False,"[0, 0, 0, 0]","['left', 'top', 'right', 'bottom']","[0, 0, 512, 512]",735642455e952a400da6fd605936fcbfda679637bf6ca5dd8a8526b8f1fa12c8,
public/design-assets/web-material-library-v1/felt/felt-03-mr-rusty-tile.png,web material textures,repeatable material texture,USABLE SOURCE,Use only in its documented canonical role.,PNG,RGB,512,512,134540,False,"[0, 0, 0, 0]","['left', 'top', 'right', 'bottom']","[0, 0, 512, 512]",84c33fead5483f7facc2d005c994539f39477fe1b9cc7bcec607c99710102259,
public/design-assets/web-material-library-v1/felt/felt-04-miss-hayley-tile.png,web material textures,repeatable material texture,USABLE SOURCE,Use only in its documented canonical role.,PNG,RGB,512,512,134723,False,"[0, 0, 0, 0]","['left', 'top', 'right', 'bottom']","[0, 0, 512, 512]",8aa810958bf22e19b4c7eb68ef62c60c1c4144ca99710e86197396093ec218ea,
public/design-assets/web-material-library-v1/felt/felt-05-mr-sam-tile.png,web material textures,repeatable material texture,USABLE SOURCE,Use only in its documented canonical role.,PNG,RGB,512,512,134165,False,"[0, 0, 0, 0]","['left', 'top', 'right', 'bottom']","[0, 0, 512, 512]",f5e2091c6305afc9bac9f3c31a8b10558618da053793920ad29cef1c979b1e00,
public/design-assets/web-material-library-v1/felt/felt-06-mr-maisy-tile.png,web material textures,repeatable material texture,USABLE SOURCE,Use only in its documented canonical role.,PNG,RGB,512,512,134424,False,"[0, 0, 0, 0]","['left', 'top', 'right', 'bottom']","[0, 0, 512, 512]",c2f746a1f5978718a2f1f630d4b6b4e08e1d2e86245d85ff0418d737fb2e49ea,
public/design-assets/web-material-library-v1/felt/felt-07-mr-puddles-tile.png,web material textures,repeatable material texture,USABLE SOURCE,Use only in its documented canonical role.,PNG,RGB,512,512,134498,False,"[0, 0, 0, 0]","['left', 'top', 'right', 'bottom']","[0, 0, 512, 512]",e628506ec893d5b997a8d20ae32e28b51cc30ee8b5a774c16aee8c78124a9fb8,
public/design-assets/web-material-library-v1/felt/felt-08-miss-maisy-tile.png,web material textures,repeatable material texture,USABLE SOURCE,Use only in its documented canonical role.,PNG,RGB,512,512,134522,False,"[0, 0, 0, 0]","['left', 'top', 'right', 'bottom']","[0, 0, 512, 512]",d75767d673e696b0ab2780fce5274f8683393c09af8da44c54cf68559c0f123c,
public/design-assets/web-material-library-v1/felt/felt-09-hopper-tile.png,web material textures,repeatable material texture,USABLE SOURCE,Use only in its documented canonical role.,PNG,RGB,512,512,134640,False,"[0, 0, 0, 0]","['left', 'top', 'right', 'bottom']","[0, 0, 512, 512]",81333bf4e3a30dac6cc4e7023636c7cef769d4d5381f86c7ebb8108dc7e04f31,
public/design-assets/web-material-library-v1/felt/felt-10-whiskers-tile.png,web material textures,repeatable material texture,USABLE SOURCE,Use only in its documented canonical role.,PNG,RGB,512,512,134647,False,"[0, 0, 0, 0]","['left', 'top', 'right', 'bottom']","[0, 0, 512, 512]",30e75147b061017daaf0081d85f7ec69a394eed39a011b789d6f28e580d31690,
public/design-assets/web-material-library-v1/felt/felt-11-scout-tile.png,web material textures,repeatable material texture,USABLE SOURCE,Use only in its documented canonical role.,PNG,RGB,512,512,134309,False,"[0, 0, 0, 0]","['left', 'top', 'right', 'bottom']","[0, 0, 512, 512]",1ced4a4ae4cc9946d0a89d7e5fcd4c06d2ba8705a5c8e41c788f475f13ed3de5,
public/design-assets/web-material-library-v1/felt/felt-12-penny-tile.png,web material textures,repeatable material texture,USABLE SOURCE,Use only in its documented canonical role.,PNG,RGB,512,512,134723,False,"[0, 0, 0, 0]","['left', 'top', 'right', 'bottom']","[0, 0, 512, 512]",2c34f973a841b76f154ea4c7dd57e627639d202582244ba62cebd61eb7a72934,
public/design-assets/web-material-library-v1/felt/felt-13-maisy-tile.png,web material textures,repeatable material texture,USABLE SOURCE,Use only in its documented canonical role.,PNG,RGB,512,512,134506,False,"[0, 0, 0, 0]","['left', 'top', 'right', 'bottom']","[0, 0, 512, 512]",7bd120f7545ea3c481bdef0c4e4cebd787f5c151c4be02da625d2d27ed771873,
public/design-assets/web-material-library-v1/felt/felt-14-puddles-tile.png,web material textures,repeatable material texture,USABLE SOURCE,Use only in its documented canonical role.,PNG,RGB,512,512,134802,False,"[0, 0, 0, 0]","['left', 'top', 'right', 'bottom']","[0, 0, 512, 512]",21a3cd9acd327e58436e877c3f1219c98565ca968395ac1c7da86de5c6cf4096,
public/design-assets/web-material-library-v1/felt/felt-15-sam-tile.png,web material textures,repeatable material texture,USABLE SOURCE,Use only in its documented canonical role.,PNG,RGB,512,512,134540,False,"[0, 0, 0, 0]","['left', 'top', 'right', 'bottom']","[0, 0, 512, 512]",f0a8a9b79c1fdd2c877bf8f6fb9ca436ddf62129df9c3b7ef84f3d7716c4edd8,
public/design-assets/web-material-library-v1/felt/felt-16-rusty-tile.png,web material textures,repeatable material texture,USABLE SOURCE,Use only in its documented canonical role.,PNG,RGB,512,512,134564,False,"[0, 0, 0, 0]","['left', 'top', 'right', 'bottom']","[0, 0, 512, 512]",7ce625abe894b42a8199162a1fd53e58fdc32d8693a5df6b1451c1e4a2459cde,
public/design-assets/web-material-library-v1/felt-contact-sheet.png,web material textures,reference sheet / atlas,REFERENCE ONLY,Use to select or compare assets; do not flatten interactive UI from it.,PNG,RGB,2048,2048,696118,False,"[0, 0, 0, 0]","['left', 'top', 'right', 'bottom']","[0, 0, 2048, 2048]",8433bbed6c6192c8fd3d822465428bca5d61517ad9273a9c3c0cf87742ad85d7,
public/design-assets/web-material-library-v1/thread-overlay-contact-sheet.png,web material textures,reference sheet / atlas,REFERENCE ONLY,Use to select or compare assets; do not flatten interactive UI from it.,PNG,RGBA,2048,2048,58295,False,"[0, 0, 0, 0]","['left', 'top', 'right', 'bottom']","[0, 0, 2048, 2048]",fea8235c750666c0ced5e4ef1323ad3025b2a91d0d9f1b386cdebb22fc78f8f3,
public/design-assets/web-material-library-v1/thread-overlays/thread-overlay-01-old-macdonald-tile.png,web material textures,repeatable material texture,USABLE SOURCE,Use only in its documented canonical role.,PNG,RGBA,256,256,3025,True,"[4, 15, 3, 17]",[],"[4, 15, 253, 239]",1aa45e1c4ec35d82e4e9f7b0e17fc363fdd02b0d475eb39862a6f7ceae2c38c3,
public/design-assets/web-material-library-v1/thread-overlays/thread-overlay-02-miss-puddles-tile.png,web material textures,repeatable material texture,USABLE SOURCE,Use only in its documented canonical role.,PNG,RGBA,256,256,3121,True,"[4, 15, 3, 16]",[],"[4, 15, 253, 240]",8914bf76236c89418ec61db08e18e893a7e1cb2f03f0c42d5534fd0369c83bbb,
public/design-assets/web-material-library-v1/thread-overlays/thread-overlay-03-mr-rusty-tile.png,web material textures,repeatable material texture,USABLE SOURCE,Use only in its documented canonical role.,PNG,RGBA,256,256,3057,True,"[4, 16, 3, 16]",[],"[4, 16, 253, 240]",c5492134ff1c3df999e26801cdf2e17c68b469bebb2c4c7bf6f3ee455c5558a0,
public/design-assets/web-material-library-v1/thread-overlays/thread-overlay-04-miss-hayley-tile.png,web material textures,repeatable material texture,USABLE SOURCE,Use only in its documented canonical role.,PNG,RGBA,256,256,2990,True,"[4, 15, 3, 16]",[],"[4, 15, 253, 240]",07e91be5d26a825966de3af65c686bbe6493e220720dde0c7e317e5ac2d74507,
public/design-assets/web-material-library-v1/thread-overlays/thread-overlay-05-mr-sam-tile.png,web material textures,repeatable material texture,USABLE SOURCE,Use only in its documented canonical role.,PNG,RGBA,256,256,3065,True,"[4, 15, 3, 16]",[],"[4, 15, 253, 240]",1d520d08d3a517846424a8e4109b45c10e17fa55adb0bec6f62d5e7e18503b00,
public/design-assets/web-material-library-v1/thread-overlays/thread-overlay-06-mr-maisy-tile.png,web material textures,repeatable material texture,USABLE SOURCE,Use only in its documented canonical role.,PNG,RGBA,256,256,3097,True,"[4, 15, 3, 16]",[],"[4, 15, 253, 240]",1f7323da3e40aa5632bcd5b922caa741f1b34e5e729f344fd551fd10d9e60b5a,
public/design-assets/web-material-library-v1/thread-overlays/thread-overlay-07-mr-puddles-tile.png,web material textures,repeatable material texture,USABLE SOURCE,Use only in its documented canonical role.,PNG,RGBA,256,256,3133,True,"[4, 15, 3, 16]",[],"[4, 15, 253, 240]",1ed041648f91821c3fb0499cd38ff7f201317890fc6a3340587cc56b50d67418,
public/design-assets/web-material-library-v1/thread-overlays/thread-overlay-08-miss-maisy-tile.png,web material textures,repeatable material texture,USABLE SOURCE,Use only in its documented canonical role.,PNG,RGBA,256,256,3164,True,"[4, 15, 3, 16]",[],"[4, 15, 253, 240]",ed0a9cb37dcd6dcdd1dfeabfbe6343dd87578d3403c27aabef758987a5ac3887,
public/design-assets/web-material-library-v1/thread-overlays/thread-overlay-09-hopper-tile.png,web material textures,repeatable material texture,USABLE SOURCE,Use only in its documented canonical role.,PNG,RGBA,256,256,3022,True,"[4, 15, 3, 16]",[],"[4, 15, 253, 240]",361b87cea3d5c6c3badf037ec43b44aaeb8d81d1ee9d857fd434e364176445f3,
public/design-assets/web-material-library-v1/thread-overlays/thread-overlay-10-whiskers-tile.png,web material textures,repeatable material texture,USABLE SOURCE,Use only in its documented canonical role.,PNG,RGBA,256,256,3107,True,"[4, 15, 3, 17]",[],"[4, 15, 253, 239]",914019e2eeae7b902d5b0af1216af2b36b36e590251dd3a864b5acc50b77bbeb,
public/design-assets/web-material-library-v1/thread-overlays/thread-overlay-11-scout-tile.png,web material textures,repeatable material texture,USABLE SOURCE,Use only in its documented canonical role.,PNG,RGBA,256,256,2966,True,"[4, 16, 3, 16]",[],"[4, 16, 253, 240]",e92c61306602d5e5440cec4f4708b9941dfe09ae9030609c40ba841bf7492cbf,
public/design-assets/web-material-library-v1/thread-overlays/thread-overlay-12-penny-tile.png,web material textures,repeatable material texture,USABLE SOURCE,Use only in its documented canonical role.,PNG,RGBA,256,256,3165,True,"[4, 15, 3, 16]",[],"[4, 15, 253, 240]",111e92c2cbc62934d90c2b0b4b3cc86ce26133a31d01466f08ef2b78833b1490,
public/design-assets/web-material-library-v1/thread-overlays/thread-overlay-13-maisy-tile.png,web material textures,repeatable material texture,USABLE SOURCE,Use only in its documented canonical role.,PNG,RGBA,256,256,3166,True,"[4, 15, 3, 16]",[],"[4, 15, 253, 240]",25f2a499cbd211818d06b999cf52ab31f472fad296c87909152f73f24195c228,
public/design-assets/web-material-library-v1/thread-overlays/thread-overlay-14-puddles-tile.png,web material textures,repeatable material texture,USABLE SOURCE,Use only in its documented canonical role.,PNG,RGBA,256,256,3052,True,"[4, 15, 3, 16]",[],"[4, 15, 253, 240]",de87d26d6e98c1d15393097e6a0f529d792c317403fed9cd8afa882f120252f6,
public/design-assets/web-material-library-v1/thread-overlays/thread-overlay-15-sam-tile.png,web material textures,repeatable material texture,USABLE SOURCE,Use only in its documented canonical role.,PNG,RGBA,256,256,3249,True,"[4, 16, 3, 16]",[],"[4, 16, 253, 240]",9f198452b0f9368680d9f0908d07d69c446defaeed9ff7c0a452902ceebb9104,
public/design-assets/web-material-library-v1/thread-overlays/thread-overlay-16-rusty-tile.png,web material textures,repeatable material texture,USABLE SOURCE,Use only in its documented canonical role.,PNG,RGBA,256,256,3149,True,"[4, 16, 3, 16]",[],"[4, 16, 253, 240]",b254eb0c512612dc411aeba724231bf8e0e249631e2d1ab322a8da07d5d76fb4,
public/design-assets/web-material-library-v1/woven-fabric/woven-fabric-01-old-macdonald-tile.png,web material textures,repeatable material texture,USABLE SOURCE,Use only in its documented canonical role.,PNG,RGB,512,512,78613,False,"[0, 0, 0, 0]","['left', 'top', 'right', 'bottom']","[0, 0, 512, 512]",710870a52a06149e54760f6030d95ad15e34a8cba0e45e431f92fffda461aaae,
public/design-assets/web-material-library-v1/woven-fabric/woven-fabric-02-miss-puddles-tile.png,web material textures,repeatable material texture,USABLE SOURCE,Use only in its documented canonical role.,PNG,RGB,512,512,73695,False,"[0, 0, 0, 0]","['left', 'top', 'right', 'bottom']","[0, 0, 512, 512]",e36ab0d4a2c93dbe1f99e6ae6af10579f37dad930614111307d8e252f1b20478,
public/design-assets/web-material-library-v1/woven-fabric/woven-fabric-03-mr-rusty-tile.png,web material textures,repeatable material texture,USABLE SOURCE,Use only in its documented canonical role.,PNG,RGB,512,512,78795,False,"[0, 0, 0, 0]","['left', 'top', 'right', 'bottom']","[0, 0, 512, 512]",2018a7164260211747610a5c7a774d040011c28405e0ff780bed8a4f4b9fa75d,
public/design-assets/web-material-library-v1/woven-fabric/woven-fabric-04-miss-hayley-tile.png,web material textures,repeatable material texture,USABLE SOURCE,Use only in its documented canonical role.,PNG,RGB,512,512,79395,False,"[0, 0, 0, 0]","['left', 'top', 'right', 'bottom']","[0, 0, 512, 512]",8608a94a19b8c823e0d5d491fba90f65fcccdd70144267eb9984e503c03e795a,
public/design-assets/web-material-library-v1/woven-fabric/woven-fabric-05-mr-sam-tile.png,web material textures,repeatable material texture,USABLE SOURCE,Use only in its documented canonical role.,PNG,RGB,512,512,79805,False,"[0, 0, 0, 0]","['left', 'top', 'right', 'bottom']","[0, 0, 512, 512]",84d382f1dba3b51a067e68f2d58bafb69a2af9cb54768e3309ca20f354791747,
public/design-assets/web-material-library-v1/woven-fabric/woven-fabric-06-mr-maisy-tile.png,web material textures,repeatable material texture,USABLE SOURCE,Use only in its documented canonical role.,PNG,RGB,512,512,83418,False,"[0, 0, 0, 0]","['left', 'top', 'right', 'bottom']","[0, 0, 512, 512]",418399dfc86e2f2d01312112faf4bd370a94256f4aed03bf250f782d1276848f,
public/design-assets/web-material-library-v1/woven-fabric/woven-fabric-07-mr-puddles-tile.png,web material textures,repeatable material texture,USABLE SOURCE,Use only in its documented canonical role.,PNG,RGB,512,512,83029,False,"[0, 0, 0, 0]","['left', 'top', 'right', 'bottom']","[0, 0, 512, 512]",5f5204e7030fa113f0506f740b75243d7bbc17cce430ff0645559b0fb208cb59,
public/design-assets/web-material-library-v1/woven-fabric/woven-fabric-08-miss-maisy-tile.png,web material textures,repeatable material texture,USABLE SOURCE,Use only in its documented canonical role.,PNG,RGB,512,512,82298,False,"[0, 0, 0, 0]","['left', 'top', 'right', 'bottom']","[0, 0, 512, 512]",f4d28e3fd884bb018cc73a5507eefcfecbbfb37f1df4085551357a48e893bfec,
public/design-assets/web-material-library-v1/woven-fabric/woven-fabric-09-hopper-tile.png,web material textures,repeatable material texture,USABLE SOURCE,Use only in its documented canonical role.,PNG,RGB,512,512,83725,False,"[0, 0, 0, 0]","['left', 'top', 'right', 'bottom']","[0, 0, 512, 512]",9a31be218c481ddeb9bb8a761c73d44c2485f4e16a6a3be1878addabf50757fa,
public/design-assets/web-material-library-v1/woven-fabric/woven-fabric-10-whiskers-tile.png,web material textures,repeatable material texture,USABLE SOURCE,Use only in its documented canonical role.,PNG,RGB,512,512,81332,False,"[0, 0, 0, 0]","['left', 'top', 'right', 'bottom']","[0, 0, 512, 512]",39b13d37db5b4ce0752820c1da28b1f8a00c1f6f8fe58ab5f0dfd26b6a0dadf8,
public/design-assets/web-material-library-v1/woven-fabric/woven-fabric-11-scout-tile.png,web material textures,repeatable material texture,USABLE SOURCE,Use only in its documented canonical role.,PNG,RGB,512,512,80343,False,"[0, 0, 0, 0]","['left', 'top', 'right', 'bottom']","[0, 0, 512, 512]",361933af3bafc2e5f33030dc63cdddabb56afd51f20eaafbdf22c4f9e7a1562d,
public/design-assets/web-material-library-v1/woven-fabric/woven-fabric-12-penny-tile.png,web material textures,repeatable material texture,USABLE SOURCE,Use only in its documented canonical role.,PNG,RGB,512,512,79100,False,"[0, 0, 0, 0]","['left', 'top', 'right', 'bottom']","[0, 0, 512, 512]",7ece1178c8cf6d979aff60fe112bdfea47711d3c987bfc070831f93776cf4b33,
public/design-assets/web-material-library-v1/woven-fabric/woven-fabric-13-maisy-tile.png,web material textures,repeatable material texture,USABLE SOURCE,Use only in its documented canonical role.,PNG,RGB,512,512,79989,False,"[0, 0, 0, 0]","['left', 'top', 'right', 'bottom']","[0, 0, 512, 512]",7728dfc11c02aa7936f4e8c083ceeb4ef183c54c937b4f6e33fc010a73f4ca69,
public/design-assets/web-material-library-v1/woven-fabric/woven-fabric-14-puddles-tile.png,web material textures,repeatable material texture,USABLE SOURCE,Use only in its documented canonical role.,PNG,RGB,512,512,77543,False,"[0, 0, 0, 0]","['left', 'top', 'right', 'bottom']","[0, 0, 512, 512]",3222a7ff5403b2d9fa51fade69c582f07646849b1ac8c2bf3a3f42d25c7d72a5,
public/design-assets/web-material-library-v1/woven-fabric/woven-fabric-15-sam-tile.png,web material textures,repeatable material texture,USABLE SOURCE,Use only in its documented canonical role.,PNG,RGB,512,512,75439,False,"[0, 0, 0, 0]","['left', 'top', 'right', 'bottom']","[0, 0, 512, 512]",be77798353fc13359c5da95050f2581677e75a01fd02cf2d021592692cd3ce37,
public/design-assets/web-material-library-v1/woven-fabric/woven-fabric-16-rusty-tile.png,web material textures,repeatable material texture,USABLE SOURCE,Use only in its documented canonical role.,PNG,RGB,512,512,82401,False,"[0, 0, 0, 0]","['left', 'top', 'right', 'bottom']","[0, 0, 512, 512]",2615882d2a8655c540c3a08baee43063863ac016947296da9fec0cf53c337844,
public/design-assets/web-material-library-v1/woven-fabric-contact-sheet.png,web material textures,reference sheet / atlas,REFERENCE ONLY,Use to select or compare assets; do not flatten interactive UI from it.,PNG,RGB,2048,2048,1323541,False,"[0, 0, 0, 0]","['left', 'top', 'right', 'bottom']","[0, 0, 2048, 2048]",e914f374852ce27b0d3cc2875353bc51e5888a74efb1eec3c03d99a4f62d937a,
public/design-concepts/grade-family/canva-parts/daycare/daycare-curriculum-pathways.png,Canva grade-page parts,layout reference part,REFERENCE ONLY,Use to select or compare assets; do not flatten interactive UI from it.,PNG,RGB,1955,505,660990,False,"[0, 0, 0, 0]","['left', 'top', 'right', 'bottom']","[0, 0, 1955, 505]",0ee1e664fac6a9d0e138f3f6b36e315fae68c1809604094b02d516a17096cddb,
public/design-concepts/grade-family/canva-parts/daycare/daycare-hero-copy.png,Canva grade-page parts,layout reference part,REFERENCE ONLY,Use to select or compare assets; do not flatten interactive UI from it.,PNG,RGB,790,540,41998,False,"[0, 0, 0, 0]","['left', 'top', 'right', 'bottom']","[0, 0, 790, 540]",cceab77bc079a81b5addb21f550afbd5490c984f736f397f07c92e8997e74c53,
public/design-concepts/grade-family/canva-parts/daycare/daycare-lesson-planning-resources.png,Canva grade-page parts,layout reference part,REFERENCE ONLY,Use to select or compare assets; do not flatten interactive UI from it.,PNG,RGB,1955,450,55896,False,"[0, 0, 0, 0]","['left', 'top', 'right', 'bottom']","[0, 0, 1955, 450]",55ed83d5aa3afa5ae037ee6e0e1a295fc343c876e188a958888612f427779d26,
public/design-concepts/grade-family/canva-parts/daycare/daycare-navigation.png,Canva grade-page parts,layout reference part,REFERENCE ONLY,Use to select or compare assets; do not flatten interactive UI from it.,PNG,RGB,335,1516,367382,False,"[0, 0, 0, 0]","['left', 'top', 'right', 'bottom']","[0, 0, 335, 1516]",7383d5288dfb3b6e69dd2441be892d857533f568dedefdcba3212a27a187b746,
public/design-concepts/grade-family/canva-parts/daycare/daycare-teacher-panel.png,Canva grade-page parts,layout reference part,REFERENCE ONLY,Use to select or compare assets; do not flatten interactive UI from it.,PNG,RGB,1165,540,357714,False,"[0, 0, 0, 0]","['left', 'top', 'right', 'bottom']","[0, 0, 1165, 540]",e0be3dff001f57f3e19289b9341e544d7b9b1259735c99ebe2b34701acb567db,
public/design-concepts/grade-family/canva-parts/grade-1/grade-1-curriculum-pathways.png,Canva grade-page parts,layout reference part,REFERENCE ONLY,Use to select or compare assets; do not flatten interactive UI from it.,PNG,RGB,1955,505,647927,False,"[0, 0, 0, 0]","['left', 'top', 'right', 'bottom']","[0, 0, 1955, 505]",d7acaaab98055fc4b992ebb40c3cc4c527bf987bb9c0d99d62efbba7b2f67a2f,
public/design-concepts/grade-family/canva-parts/grade-1/grade-1-hero-copy.png,Canva grade-page parts,layout reference part,REFERENCE ONLY,Use to select or compare assets; do not flatten interactive UI from it.,PNG,RGB,790,540,42325,False,"[0, 0, 0, 0]","['left', 'top', 'right', 'bottom']","[0, 0, 790, 540]",0a260eb0326079172bb30cdc9731c58a9b08a858e7892ab487fcd322150f6a35,
public/design-concepts/grade-family/canva-parts/grade-1/grade-1-lesson-planning-resources.png,Canva grade-page parts,layout reference part,REFERENCE ONLY,Use to select or compare assets; do not flatten interactive UI from it.,PNG,RGB,1955,450,59299,False,"[0, 0, 0, 0]","['left', 'top', 'right', 'bottom']","[0, 0, 1955, 450]",85b633ccf09658f767b32d2c826266803d97f73cffced679407ef8c884365fc5,
public/design-concepts/grade-family/canva-parts/grade-1/grade-1-navigation.png,Canva grade-page parts,layout reference part,REFERENCE ONLY,Use to select or compare assets; do not flatten interactive UI from it.,PNG,RGB,335,1516,376147,False,"[0, 0, 0, 0]","['left', 'top', 'right', 'bottom']","[0, 0, 335, 1516]",4a3e331363e1b18e5fcff88851f7ae4eb49e5eb19258c230d3ee1f86471c427d,
public/design-concepts/grade-family/canva-parts/grade-1/grade-1-teacher-panel.png,Canva grade-page parts,layout reference part,REFERENCE ONLY,Use to select or compare assets; do not flatten interactive UI from it.,PNG,RGB,1165,540,348844,False,"[0, 0, 0, 0]","['left', 'top', 'right', 'bottom']","[0, 0, 1165, 540]",e8d36f684dcd79eb6ac0668f4a0a634aa4ef97baed231d5c2cb0c5133347d35f,
public/design-concepts/grade-family/canva-parts/grade-2/grade-2-curriculum-pathways.png,Canva grade-page parts,layout reference part,REFERENCE ONLY,Use to select or compare assets; do not flatten interactive UI from it.,PNG,RGB,1955,505,562265,False,"[0, 0, 0, 0]","['left', 'top', 'right', 'bottom']","[0, 0, 1955, 505]",5d05069c40b5087baed151cd05bb0ba0311015a51855f472e89463d7468d21b1,
public/design-concepts/grade-family/canva-parts/grade-2/grade-2-hero-copy.png,Canva grade-page parts,layout reference part,REFERENCE ONLY,Use to select or compare assets; do not flatten interactive UI from it.,PNG,RGB,790,540,45056,False,"[0, 0, 0, 0]","['left', 'top', 'right', 'bottom']","[0, 0, 790, 540]",b0077b95fb7dab5be05a93753127c32091d4025a9ca87108837ef0a516311922,
public/design-concepts/grade-family/canva-parts/grade-2/grade-2-lesson-planning-resources.png,Canva grade-page parts,layout reference part,REFERENCE ONLY,Use to select or compare assets; do not flatten interactive UI from it.,PNG,RGB,1955,450,59472,False,"[0, 0, 0, 0]","['left', 'top', 'right', 'bottom']","[0, 0, 1955, 450]",588fe5b73df9dd50ac6e296d28e6af5fca0812836b30dffec742159cbb2809e8,
public/design-concepts/grade-family/canva-parts/grade-2/grade-2-navigation.png,Canva grade-page parts,layout reference part,REFERENCE ONLY,Use to select or compare assets; do not flatten interactive UI from it.,PNG,RGB,335,1516,423255,False,"[0, 0, 0, 0]","['left', 'top', 'right', 'bottom']","[0, 0, 335, 1516]",d054089a1301823857895c16c6b4b2633c1f310b2c5ca82b2701df7bdd095fc8,
public/design-concepts/grade-family/canva-parts/grade-2/grade-2-teacher-panel.png,Canva grade-page parts,layout reference part,REFERENCE ONLY,Use to select or compare assets; do not flatten interactive UI from it.,PNG,RGB,1165,540,325292,False,"[0, 0, 0, 0]","['left', 'top', 'right', 'bottom']","[0, 0, 1165, 540]",9fe8e04cd18656546edce9bc93616c081586ad057ceef9bbe8ae4d022caf4aae,
public/design-concepts/grade-family/canva-parts/kindergarten/kindergarten-curriculum-pathways.png,Canva grade-page parts,layout reference part,REFERENCE ONLY,Use to select or compare assets; do not flatten interactive UI from it.,PNG,RGB,1955,505,673712,False,"[0, 0, 0, 0]","['left', 'top', 'right', 'bottom']","[0, 0, 1955, 505]",909696ad2c3c9c84ce0d654b9855c49acc7d5898c2b81cc9fd7b6545dd0ba19a,
public/design-concepts/grade-family/canva-parts/kindergarten/kindergarten-hero-copy.png,Canva grade-page parts,layout reference part,REFERENCE ONLY,Use to select or compare assets; do not flatten interactive UI from it.,PNG,RGB,790,540,42335,False,"[0, 0, 0, 0]","['left', 'top', 'right', 'bottom']","[0, 0, 790, 540]",89fe6fb0e109a1f18acb266d0bd3bb98d473643ac561a11c23ea45202091352c,
public/design-concepts/grade-family/canva-parts/kindergarten/kindergarten-lesson-planning-resources.png,Canva grade-page parts,layout reference part,REFERENCE ONLY,Use to select or compare assets; do not flatten interactive UI from it.,PNG,RGB,1955,450,56219,False,"[0, 0, 0, 0]","['left', 'top', 'right', 'bottom']","[0, 0, 1955, 450]",6179d71b886505b70a271077be97b4d8d8d7f4ab6e1e687ef5ffbebc9ca62948,
public/design-concepts/grade-family/canva-parts/kindergarten/kindergarten-navigation.png,Canva grade-page parts,layout reference part,REFERENCE ONLY,Use to select or compare assets; do not flatten interactive UI from it.,PNG,RGB,335,1516,412453,False,"[0, 0, 0, 0]","['left', 'top', 'right', 'bottom']","[0, 0, 335, 1516]",b6e8e81e6a83dafdd190fa21d582b411fe8d54d146b359709ecaa95c5c8aa8a8,
public/design-concepts/grade-family/canva-parts/kindergarten/kindergarten-teacher-panel.png,Canva grade-page parts,layout reference part,REFERENCE ONLY,Use to select or compare assets; do not flatten interactive UI from it.,PNG,RGB,1165,540,346780,False,"[0, 0, 0, 0]","['left', 'top', 'right', 'bottom']","[0, 0, 1165, 540]",193b612aea2451b4aea866ca35f2d05f958434ab23cc42ce3fd4c75cd50f2f97,
public/design-concepts/grade-family/canva-parts/preschool/preschool-curriculum-pathways.png,Canva grade-page parts,layout reference part,REFERENCE ONLY,Use to select or compare assets; do not flatten interactive UI from it.,PNG,RGB,1955,505,631703,False,"[0, 0, 0, 0]","['left', 'top', 'right', 'bottom']","[0, 0, 1955, 505]",59f275ad92ad11f035d9db8ca5f5f1ff821545c8b9ca3b7eb13008db8531f500,
public/design-concepts/grade-family/canva-parts/preschool/preschool-hero-copy.png,Canva grade-page parts,layout reference part,REFERENCE ONLY,Use to select or compare assets; do not flatten interactive UI from it.,PNG,RGB,790,540,45947,False,"[0, 0, 0, 0]","['left', 'top', 'right', 'bottom']","[0, 0, 790, 540]",789c3e6d487a973440a83ba9775b28e24a4eda6f0876882ccde71bef8333a897,
public/design-concepts/grade-family/canva-parts/preschool/preschool-lesson-planning-resources.png,Canva grade-page parts,layout reference part,REFERENCE ONLY,Use to select or compare assets; do not flatten interactive UI from it.,PNG,RGB,1955,450,63515,False,"[0, 0, 0, 0]","['left', 'top', 'right', 'bottom']","[0, 0, 1955, 450]",bfb26b424822d58fb62a499895d14dfee95fee20a6de589c102a1811c180e3b7,
public/design-concepts/grade-family/canva-parts/preschool/preschool-navigation.png,Canva grade-page parts,layout reference part,REFERENCE ONLY,Use to select or compare assets; do not flatten interactive UI from it.,PNG,RGB,335,1516,334766,False,"[0, 0, 0, 0]","['left', 'top', 'right', 'bottom']","[0, 0, 335, 1516]",98ec4cc0b70c3775fce3dcbb402f778b26a38ccfd35ba3a1e7e567813aa6d634,
public/design-concepts/grade-family/canva-parts/preschool/preschool-teacher-panel.png,Canva grade-page parts,layout reference part,REFERENCE ONLY,Use to select or compare assets; do not flatten interactive UI from it.,PNG,RGB,1165,540,318252,False,"[0, 0, 0, 0]","['left', 'top', 'right', 'bottom']","[0, 0, 1165, 540]",a9cd946691a330dcbb9e28bad5834aef579fa32091d1a956ed4567490d9cb4e2,
public/icons/canva-animal-icons/canva-icon-01.png,Canva animal icons,curriculum / classroom icon,USABLE SOURCE,Use only in its documented canonical role.,PNG,RGBA,237,273,76535,True,"[7, 12, 3, 16]",[],"[7, 12, 234, 257]",c52d84c00fc10c2b29dbc3140f06d84a1f26544e27ac11899521ac87ea7a6d10,
public/icons/canva-animal-icons/canva-icon-02.png,Canva animal icons,curriculum / classroom icon,REVIEW: EXTRACTION ARTIFACTS,Tight chroma-key crop; visible edge streaks or cut-off artwork are possible.,PNG,RGBA,236,273,86958,True,"[6, 11, 0, 16]",['right'],"[6, 11, 236, 257]",47bbb6318ffd8ee1a35176252c833206af706af77a8a84f22986f735ad9198ac,
public/icons/canva-animal-icons/canva-icon-03.png,Canva animal icons,curriculum / classroom icon,REVIEW: EXTRACTION ARTIFACTS,Tight chroma-key crop; visible edge streaks or cut-off artwork are possible.,PNG,RGBA,236,273,79040,True,"[5, 11, 0, 15]",['right'],"[5, 11, 236, 258]",829f8d08b4750c9077f976f1f15ed354b9b73fbb8650de40c0ccf462dd926946,
public/icons/canva-animal-icons/canva-icon-04.png,Canva animal icons,curriculum / classroom icon,REVIEW: EXTRACTION ARTIFACTS,Tight chroma-key crop; visible edge streaks or cut-off artwork are possible.,PNG,RGBA,236,273,82655,True,"[6, 10, 0, 16]",['right'],"[6, 10, 236, 257]",ad292db9bd49fd3c6c86121db99b3ac5cbacd9c3c10b102984eb8aeada9205e7,
public/icons/canva-animal-icons/canva-icon-05.png,Canva animal icons,curriculum / classroom icon,REVIEW: EXTRACTION ARTIFACTS,Tight chroma-key crop; visible edge streaks or cut-off artwork are possible.,PNG,RGBA,237,251,80454,True,"[6, 0, 3, 5]",['top'],"[6, 0, 234, 246]",3be80e75339319da855a5d58619aac25b42ef82a2e4f84c69ca8cd17641d8f87,
public/icons/canva-animal-icons/canva-icon-06.png,Canva animal icons,curriculum / classroom icon,REVIEW: EXTRACTION ARTIFACTS,Tight chroma-key crop; visible edge streaks or cut-off artwork are possible.,PNG,RGBA,236,251,81709,True,"[5, 0, 0, 5]","['top', 'right']","[5, 0, 236, 246]",437ddac405c52c801744c789bed39dcb934977502a3df4d2f520121985e7ed4f,
public/icons/canva-animal-icons/canva-icon-07.png,Canva animal icons,curriculum / classroom icon,REVIEW: EXTRACTION ARTIFACTS,Tight chroma-key crop; visible edge streaks or cut-off artwork are possible.,PNG,RGBA,236,251,82177,True,"[8, 0, 0, 5]","['top', 'right']","[8, 0, 236, 246]",c0a47750a640e75dc8f67ac3b042f4d6a27a241e908b5ff96d602d977465f827,
public/icons/canva-animal-icons/canva-icon-08.png,Canva animal icons,curriculum / classroom icon,REVIEW: EXTRACTION ARTIFACTS,Tight chroma-key crop; visible edge streaks or cut-off artwork are possible.,PNG,RGBA,236,251,88995,True,"[0, 0, 2, 0]","['left', 'top', 'bottom']","[0, 0, 234, 251]",3f59fb4eaab59e92691a89f3056176062b02bca55daafb2ec6c61b4f870056c5,
public/icons/canva-animal-icons/canva-icon-09.png,Canva animal icons,curriculum / classroom icon,REVIEW: EXTRACTION ARTIFACTS,Tight chroma-key crop; visible edge streaks or cut-off artwork are possible.,PNG,RGBA,237,251,76333,True,"[4, 0, 3, 0]","['top', 'bottom']","[4, 0, 234, 251]",631288891c616de5bad6f6910d47c41a250d533614c8cbe31f1232ecff12a9b9,
public/icons/canva-animal-icons/canva-icon-10.png,Canva animal icons,curriculum / classroom icon,REVIEW: EXTRACTION ARTIFACTS,Tight chroma-key crop; visible edge streaks or cut-off artwork are possible.,PNG,RGBA,236,251,79244,True,"[5, 0, 1, 1]",['top'],"[5, 0, 235, 250]",de58dc497d427df1a25082a60d23058d32fdaae1900ef7ed361658288ba362cf,
public/icons/canva-animal-icons/canva-icon-11.png,Canva animal icons,curriculum / classroom icon,REVIEW: EXTRACTION ARTIFACTS,Tight chroma-key crop; visible edge streaks or cut-off artwork are possible.,PNG,RGBA,236,251,68778,True,"[8, 0, 0, 0]","['top', 'right', 'bottom']","[8, 0, 236, 251]",c434b391197fc528aa7c05197c62290d77eb2aed5e5c3c4c722e61e80c6bcfaa,
public/icons/canva-animal-icons/canva-icon-12.png,Canva animal icons,curriculum / classroom icon,USABLE SOURCE,Use only in its documented canonical role.,PNG,RGBA,236,251,73703,True,"[5, 4, 2, 1]",[],"[5, 4, 234, 250]",2ed5800091ff3187db37dfcb78cad937c4389c172921b720cd926193824ce357,
public/icons/canva-animal-icons/canva-icon-13.png,Canva animal icons,curriculum / classroom icon,REVIEW: EXTRACTION ARTIFACTS,Tight chroma-key crop; visible edge streaks or cut-off artwork are possible.,PNG,RGBA,237,252,72645,True,"[0, 8, 7, 3]",['left'],"[0, 8, 230, 249]",7845edb9200083e3681b7098710ee63341788921f85a9423ce06f1c26ba3df2f,
public/icons/canva-animal-icons/canva-icon-14.png,Canva animal icons,curriculum / classroom icon,REVIEW: EXTRACTION ARTIFACTS,Tight chroma-key crop; visible edge streaks or cut-off artwork are possible.,PNG,RGBA,236,252,80842,True,"[5, 8, 5, 0]",['bottom'],"[5, 8, 231, 252]",7bf147141c3b11df707e8ad2ba8fd254e5220a151e70beb55408cff74add5885,
public/icons/canva-animal-icons/canva-icon-15.png,Canva animal icons,curriculum / classroom icon,USABLE SOURCE,Use only in its documented canonical role.,PNG,RGBA,236,252,81397,True,"[3, 9, 5, 3]",[],"[3, 9, 231, 249]",940b5221e38d97ddd3161e9212a750fa14ea521efeb4eafc00ff278cb9e1f899,
public/icons/canva-animal-icons/canva-icon-16.png,Canva animal icons,curriculum / classroom icon,USABLE SOURCE,Use only in its documented canonical role.,PNG,RGBA,236,252,76080,True,"[4, 8, 4, 1]",[],"[4, 8, 232, 251]",d537e122709cd85a6548d53749b8d45c04511bde78d17cffda28ee43540918ac,
public/icons/early-years/face-busts/hopper-red.png,early-years activity icons,curriculum / classroom icon,REVIEW: EXTRACTION ARTIFACTS,Tight chroma-key crop; visible edge streaks or cut-off artwork are possible.,PNG,RGBA,286,286,103424,True,"[27, 0, 39, 5]",['top'],"[27, 0, 247, 281]",4ea250db5bae61cf21c73336a0c6a7c0cba55b9e10d2fd4804faa1de370e5690,
public/icons/early-years/face-busts/maisy-yellow.png,early-years activity icons,curriculum / classroom icon,USABLE SOURCE,Use only in its documented canonical role.,PNG,RGBA,286,286,113659,True,"[21, 11, 32, 6]",[],"[21, 11, 254, 280]",39919c61f9e969abc684da6bbb9dc4215aab6d51fe8c2bc4d2950a39aceb06a4,
public/icons/early-years/face-busts/miss-hayley-purple.png,early-years activity icons,curriculum / classroom icon,REVIEW: EXTRACTION ARTIFACTS,Tight chroma-key crop; visible edge streaks or cut-off artwork are possible.,PNG,RGBA,267,267,118037,True,"[26, 0, 18, 0]","['top', 'bottom']","[26, 0, 249, 267]",47be1b69dbd9eccf36f57a658dea6fa7314bb6765b006dd4b1f37b0ea2f73a6b,
public/icons/early-years/face-busts/miss-maisy-purple.png,early-years activity icons,curriculum / classroom icon,REVIEW: EXTRACTION ARTIFACTS,Tight chroma-key crop; visible edge streaks or cut-off artwork are possible.,PNG,RGBA,286,286,120266,True,"[27, 0, 32, 0]","['top', 'bottom']","[27, 0, 254, 286]",9d2f59efe63429228da3930ea4b96050f3ce7efc0a4b6a973983dc3e8bd2bdd1,
public/icons/early-years/face-busts/miss-puddles-purple.png,early-years activity icons,curriculum / classroom icon,REVIEW: EXTRACTION ARTIFACTS,Tight chroma-key crop; visible edge streaks or cut-off artwork are possible.,PNG,RGBA,267,267,114916,True,"[26, 1, 27, 0]",['bottom'],"[26, 1, 240, 267]",a2a29c3961f90328128be8ee6e2573b41bf58321facab021aa8fd127825a2705,
public/icons/early-years/face-busts/mr-maisy-orange.png,early-years activity icons,curriculum / classroom icon,REVIEW: EXTRACTION ARTIFACTS,Tight chroma-key crop; visible edge streaks or cut-off artwork are possible.,PNG,RGBA,286,286,118853,True,"[27, 9, 18, 0]",['bottom'],"[27, 9, 268, 286]",c617a4ed4eae5d1657513181db5880f0680c76872091101c969fdd5e78bb0440,
public/icons/early-years/face-busts/mr-puddles-green.png,early-years activity icons,curriculum / classroom icon,REVIEW: EXTRACTION ARTIFACTS,Tight chroma-key crop; visible edge streaks or cut-off artwork are possible.,PNG,RGBA,267,267,113286,True,"[35, 0, 36, 0]","['top', 'bottom']","[35, 0, 231, 267]",c42106ca9e75d894e15e054303c9121ea470d85da70e16c0b8ad41f3b4353377,
public/icons/early-years/face-busts/mr-rusty-blue.png,early-years activity icons,curriculum / classroom icon,REVIEW: EXTRACTION ARTIFACTS,Tight chroma-key crop; visible edge streaks or cut-off artwork are possible.,PNG,RGBA,285,285,117776,True,"[32, 3, 36, 0]",['bottom'],"[32, 3, 249, 285]",bb3edfc53197d14ac28e5b5063611d55ccfcbd34b72ce0660ce4038257d483f5,
public/icons/early-years/face-busts/mr-sam-blue.png,early-years activity icons,curriculum / classroom icon,REVIEW: EXTRACTION ARTIFACTS,Tight chroma-key crop; visible edge streaks or cut-off artwork are possible.,PNG,RGBA,267,267,119248,True,"[17, 7, 25, 0]",['bottom'],"[17, 7, 242, 267]",46a860cdc5b71f440f21ed49f4c0cbdccbf54cc23a4e5c65a90f6bcd929c4b79,
public/icons/early-years/face-busts/old-macdonald-yellow.png,early-years activity icons,curriculum / classroom icon,REVIEW: EXTRACTION ARTIFACTS,Tight chroma-key crop; visible edge streaks or cut-off artwork are possible.,PNG,RGBA,286,286,120215,True,"[27, 0, 27, 6]",['top'],"[27, 0, 259, 280]",6af5e6f7d84aad5b3b4aaddd264573a8861361e90503b7f5768abfa793b18bd2,
public/icons/early-years/face-busts/penny-orange.png,early-years activity icons,curriculum / classroom icon,REVIEW: EXTRACTION ARTIFACTS,Tight chroma-key crop; visible edge streaks or cut-off artwork are possible.,PNG,RGBA,267,267,91808,True,"[26, 0, 37, 6]",['top'],"[26, 0, 230, 261]",33375c2f88ab9b0ae8796efaa3ea61e4d226508f033640b9256455c3b56f34a3,
public/icons/early-years/face-busts/puddles-blue.png,early-years activity icons,curriculum / classroom icon,USABLE SOURCE,Use only in its documented canonical role.,PNG,RGBA,267,267,112097,True,"[39, 7, 26, 6]",[],"[39, 7, 241, 261]",a265d9696e335f4aa64352ac17600e396a2be946cd9c6a9c190c6f233e3a66bd,
public/icons/early-years/face-busts/rusty-blue.png,early-years activity icons,curriculum / classroom icon,REVIEW: EXTRACTION ARTIFACTS,Tight chroma-key crop; visible edge streaks or cut-off artwork are possible.,PNG,RGBA,266,266,105998,True,"[36, 0, 35, 0]","['top', 'bottom']","[36, 0, 231, 266]",dee42b1607d91d62357741543ec826109bd8afda97030d7f7e1571df8e95c169,
public/icons/early-years/face-busts/sam-red.png,early-years activity icons,curriculum / classroom icon,USABLE SOURCE,Use only in its documented canonical role.,PNG,RGBA,250,250,125144,True,"[13, 1, 8, 2]",[],"[13, 1, 242, 248]",37b58f4a4ec367a85b36d002306d78c6142b8a81e2fa6aec6f19b5704fb0f961,
public/icons/early-years/face-busts/scout-green.png,early-years activity icons,curriculum / classroom icon,USABLE SOURCE,Use only in its documented canonical role.,PNG,RGBA,250,250,113388,True,"[12, 9, 16, 2]",[],"[12, 9, 234, 248]",0b9992d914240ba27ac53493da649777263fa28cfe1f60eea2786412bbb980ff,
public/icons/early-years/face-busts/whiskers-orange.png,early-years activity icons,curriculum / classroom icon,REVIEW: EXTRACTION ARTIFACTS,Tight chroma-key crop; visible edge streaks or cut-off artwork are possible.,PNG,RGBA,247,247,109992,True,"[23, 0, 16, 0]","['top', 'bottom']","[23, 0, 231, 247]",b11ba429e12b9479879b5b9cb73bbce47136b507ad80629751f291d216f8b66b,
public/icons/early-years/face-patches/hopper-red.png,early-years activity icons,felt patch / badge,REVIEW: EXTRACTION ARTIFACTS,Tight chroma-key crop; visible edge streaks or cut-off artwork are possible.,PNG,RGBA,251,251,109000,True,"[11, 0, 10, 0]","['top', 'bottom']","[11, 0, 241, 251]",adb914011ded4e65a048729e1468eee3d594de7f9cff8bfcc2b71617ea79cc15,
public/icons/early-years/face-patches/maisy-yellow.png,early-years activity icons,felt patch / badge,REVIEW: EXTRACTION ARTIFACTS,Tight chroma-key crop; visible edge streaks or cut-off artwork are possible.,PNG,RGBA,251,251,109083,True,"[12, 0, 9, 1]",['top'],"[12, 0, 242, 250]",75962c670008a306dbfdd3d0fb2df245c1cf84b6144660054cd8532e31d5228e,
public/icons/early-years/face-patches/miss-hayley-purple.png,early-years activity icons,felt patch / badge,USABLE SOURCE,Use only in its documented canonical role.,PNG,RGBA,273,273,124903,True,"[24, 10, 19, 16]",[],"[24, 10, 254, 257]",bd62648cd7c097ff4620890f0ce792cfabf1b72aee44a6eeb47acee35be33990,
public/icons/early-years/face-patches/miss-maisy-purple.png,early-years activity icons,felt patch / badge,REVIEW: EXTRACTION ARTIFACTS,Tight chroma-key crop; visible edge streaks or cut-off artwork are possible.,PNG,RGBA,251,251,127211,True,"[7, 0, 10, 0]","['top', 'bottom']","[7, 0, 241, 251]",07506640647eddf6c7d4377f12df11fcaabbfb0b32b04300b2d44c460e88712d,
public/icons/early-years/face-patches/miss-puddles-purple.png,early-years activity icons,felt patch / badge,USABLE SOURCE,Use only in its documented canonical role.,PNG,RGBA,273,273,126943,True,"[24, 11, 19, 16]",[],"[24, 11, 254, 257]",241c93003caa0fb83a9c7fc2e03899526e64b4e2ce809dddb7f13fe12bab0aa4,
public/icons/early-years/face-patches/mr-maisy-orange.png,early-years activity icons,felt patch / badge,REVIEW: EXTRACTION ARTIFACTS,Tight chroma-key crop; visible edge streaks or cut-off artwork are possible.,PNG,RGBA,251,251,114257,True,"[12, 0, 8, 5]",['top'],"[12, 0, 243, 246]",aa43c570d2b589263164d314137b370c5baeaea111587ad41b854460e839d0ba,
public/icons/early-years/face-patches/mr-puddles-green.png,early-years activity icons,felt patch / badge,REVIEW: EXTRACTION ARTIFACTS,Tight chroma-key crop; visible edge streaks or cut-off artwork are possible.,PNG,RGBA,251,251,122197,True,"[15, 0, 8, 5]",['top'],"[15, 0, 243, 246]",d2596a6b20e8f42fea0af5776e0f666b30f5edc707d36e819f71e614857859a0,
public/icons/early-years/face-patches/mr-rusty-blue.png,early-years activity icons,felt patch / badge,USABLE SOURCE,Use only in its documented canonical role.,PNG,RGBA,273,273,118138,True,"[23, 11, 19, 15]",[],"[23, 11, 254, 258]",ce70693197447e761e3b76b22bb05bf91b23a5e5068769ba175461404cab4ca3,
public/icons/early-years/face-patches/mr-sam-blue.png,early-years activity icons,felt patch / badge,REVIEW: EXTRACTION ARTIFACTS,Tight chroma-key crop; visible edge streaks or cut-off artwork are possible.,PNG,RGBA,251,251,115920,True,"[13, 0, 10, 5]",['top'],"[13, 0, 241, 246]",4b00464bb81417c342d890ca91336082b6fdadd6dcab121dac0744117322a67e,
public/icons/early-years/face-patches/old-macdonald-yellow.png,early-years activity icons,felt patch / badge,USABLE SOURCE,Use only in its documented canonical role.,PNG,RGBA,273,273,112019,True,"[25, 12, 21, 16]",[],"[25, 12, 252, 257]",1e92985098420547e7fc26711c3ee764b33e73c1a76a239c1b797d6634998fcb,
public/icons/early-years/face-patches/penny-orange.png,early-years activity icons,felt patch / badge,REVIEW: EXTRACTION ARTIFACTS,Tight chroma-key crop; visible edge streaks or cut-off artwork are possible.,PNG,RGBA,251,251,102559,True,"[15, 0, 8, 0]","['top', 'bottom']","[15, 0, 243, 251]",43a941386daf60bf522561708cb55c9f66cc22b8dadad2589fe2aa0166ea2fb3,
public/icons/early-years/face-patches/puddles-blue.png,early-years activity icons,felt patch / badge,USABLE SOURCE,Use only in its documented canonical role.,PNG,RGBA,251,251,113389,True,"[12, 4, 10, 1]",[],"[12, 4, 241, 250]",24b8cbd61a5463e693b93e6721e4cd5cd39e8d661eec7f8ab6b5afd1d6d3b3e4,
public/icons/early-years/face-patches/rusty-blue.png,early-years activity icons,felt patch / badge,USABLE SOURCE,Use only in its documented canonical role.,PNG,RGBA,252,252,108931,True,"[7, 8, 15, 3]",[],"[7, 8, 237, 249]",ab8a263939ed3fae28ebe88a2d56f2fa77572bd1ea16f6a375c258948b6dc2b4,
public/icons/early-years/face-patches/sam-red.png,early-years activity icons,felt patch / badge,REVIEW: EXTRACTION ARTIFACTS,Tight chroma-key crop; visible edge streaks or cut-off artwork are possible.,PNG,RGBA,252,252,114028,True,"[13, 8, 13, 0]",['bottom'],"[13, 8, 239, 252]",a71430b63fab31146536769cb8df7e1816779ced447e6ffbe419f0484f7be14b,
public/icons/early-years/face-patches/scout-green.png,early-years activity icons,felt patch / badge,USABLE SOURCE,Use only in its documented canonical role.,PNG,RGBA,252,252,122985,True,"[11, 9, 13, 3]",[],"[11, 9, 239, 249]",fc0c22724f84026f84d6426e9b7ba27fbae43ff5597915c4ea517d44ccba998f,
public/icons/early-years/face-patches/whiskers-orange.png,early-years activity icons,felt patch / badge,USABLE SOURCE,Use only in its documented canonical role.,PNG,RGBA,252,252,113317,True,"[12, 8, 12, 1]",[],"[12, 8, 240, 251]",6a9b2913772a16c8c17e36686247f3cf50814b6e4639c2e2311fd66568481c9e,
public/icons/farm_school_character_face_patch_sheet_primary_secondary_16.png,miscellaneous icon sheets,felt patch / badge,USABLE SOURCE,Use only in its documented canonical role.,PNG,RGBA,1254,1254,2609136,False,"[0, 0, 0, 0]","['left', 'top', 'right', 'bottom']","[0, 0, 1254, 1254]",a89c3cf58048f113b1fd0d894352cb1a3c42b145b3f2a03abcdacce5a7a2fbce,
public/icons/full-sheet.png,miscellaneous icon sheets,reference sheet / atlas,REFERENCE ONLY,Use to select or compare assets; do not flatten interactive UI from it.,PNG,RGBA,1138,1215,1863804,True,"[0, 7, 0, 0]","['left', 'right', 'bottom']","[0, 7, 1138, 1215]",8a6d835f74025fdf8c12b23b11fc39fc785fb34035ea6c3723e494ecd4995480,
public/icons/icon-patch-4x3.png,miscellaneous icon sheets,felt patch / badge,USABLE SOURCE,Use only in its documented canonical role.,PNG,RGB,1448,1086,1892047,False,"[0, 0, 0, 0]","['left', 'top', 'right', 'bottom']","[0, 0, 1448, 1086]",d4e97c41854d935bf0899a112adcbc7a4bc34058c183a3dba5b0b70ccc7a7f73,
public/icons/old-macdonald-icon-pack/app-mark-512.png,classroom and education icon pack,curriculum / classroom icon,USABLE SOURCE,Use only in its documented canonical role.,PNG,RGBA,512,512,287490,True,"[66, 33, 67, 33]",[],"[66, 33, 445, 479]",12ba67a9b00766d14974b819be02b20ea55e0dc6509190a117ab98e73cf7a515,
public/icons/old-macdonald-icon-pack/app-mark-master.png,classroom and education icon pack,curriculum / classroom icon,USABLE SOURCE,Use only in its documented canonical role.,PNG,RGBA,1254,1254,1271207,True,"[210, 98, 211, 171]",[],"[210, 98, 1043, 1083]",845a732ffd4836b0ff4ea207f40c9cc37405d66fe24cc6a43129aabd80fe473c,
public/icons/old-macdonald-icon-pack/app-mark-source-chroma.png,classroom and education icon pack,curriculum / classroom icon,USABLE SOURCE,Use only in its documented canonical role.,PNG,RGB,1254,1254,1778277,False,"[0, 0, 0, 0]","['left', 'top', 'right', 'bottom']","[0, 0, 1254, 1254]",37a17be1028c009bc9f246bd1b6464b83eae477cda5ddeeed58ec34384486298,
public/icons/old-macdonald-icon-pack/classroom-stickers-master.png,classroom and education icon pack,curriculum / classroom icon,USABLE SOURCE,Use only in its documented canonical role.,PNG,RGBA,1254,1254,1550696,True,"[101, 76, 119, 80]",[],"[101, 76, 1135, 1174]",acbceab6a50097ddb5ea59a6899f3e86f8deab05aaeec9081ccc30d9486f7650,
public/icons/old-macdonald-icon-pack/classroom-stickers-source-chroma.png,classroom and education icon pack,curriculum / classroom icon,USABLE SOURCE,Use only in its documented canonical role.,PNG,RGB,1254,1254,1989624,False,"[0, 0, 0, 0]","['left', 'top', 'right', 'bottom']","[0, 0, 1254, 1254]",644e5f0cb0e6a5a106148e54197e75ed918497e33c6040a699e847adcd289b25,
public/icons/old-macdonald-icon-pack/favicon-16.png,classroom and education icon pack,curriculum / classroom icon,USABLE SOURCE,Intentionally tight crop; preserve aspect ratio and add spacing in the layout slot.,PNG,RGBA,16,16,681,True,"[0, 0, 0, 1]","['left', 'top', 'right']","[0, 0, 16, 15]",51bf97e3acb12285a20d4e14ec772922ac344c5fb78cf6154030806604f0c298,
public/icons/old-macdonald-icon-pack/favicon-32.png,classroom and education icon pack,curriculum / classroom icon,USABLE SOURCE,Intentionally tight crop; preserve aspect ratio and add spacing in the layout slot.,PNG,RGBA,32,32,1858,True,"[2, 0, 2, 0]","['top', 'bottom']","[2, 0, 30, 32]",9f95bd29a495357c9f57f5107ca01b99d370eb9177b37e4fbe419ee08e6f1a7f,
public/icons/old-macdonald-icon-pack/favicon-64.png,classroom and education icon pack,curriculum / classroom icon,USABLE SOURCE,Use only in its documented canonical role.,PNG,RGBA,64,64,5837,True,"[6, 2, 6, 2]",[],"[6, 2, 58, 62]",fe0c4e7598a154325482d11bc5f68b6d08d1494fda3c4873bacd90994697c276,
public/icons/old-macdonald-icon-pack/pack-preview.jpg,classroom and education icon pack,curriculum / classroom icon,USABLE SOURCE,Use only in its documented canonical role.,JPEG,RGB,1600,1220,373222,False,"[0, 0, 0, 0]","['left', 'top', 'right', 'bottom']","[0, 0, 1600, 1220]",b67cc4b0babf7cefebd79d451870e76882617402f073f0ae7bbf21dc53994418,
public/icons/old-macdonald-icon-pack/sticker-apple.png,classroom and education icon pack,curriculum / classroom icon,USABLE SOURCE,Use only in its documented canonical role.,PNG,RGBA,512,512,350753,True,"[48, 30, 49, 30]",[],"[48, 30, 463, 482]",a6d7619f8e1d401279f82eaa8ede51495654783f6566435e5daa2841edfd2d15,
public/icons/old-macdonald-icon-pack/sticker-backpack.png,classroom and education icon pack,curriculum / classroom icon,USABLE SOURCE,Use only in its documented canonical role.,PNG,RGBA,512,512,358905,True,"[52, 30, 53, 29]",[],"[52, 30, 459, 483]",898d5a12a02935c37a69b75ce30f7472c90173cdce95fd63248c3ba06ee8dd50,
public/icons/old-macdonald-icon-pack/sticker-boots.png,classroom and education icon pack,curriculum / classroom icon,USABLE SOURCE,Use only in its documented canonical role.,PNG,RGBA,512,512,355743,True,"[29, 41, 29, 41]",[],"[29, 41, 483, 471]",29694729bb759b716b640bc0152f580dcecedd8dddce8031b7609f34ddc1a939,
public/icons/old-macdonald-icon-pack/sticker-handbell.png,classroom and education icon pack,curriculum / classroom icon,USABLE SOURCE,Use only in its documented canonical role.,PNG,RGBA,512,512,196042,True,"[111, 29, 111, 29]",[],"[111, 29, 401, 483]",30d49a0fa3be03f0f195852f5e503f1d771b4ae4a024676d50559008038224f7,
public/icons/old-macdonald-icon-pack/topic-icons-master.png,classroom and education icon pack,curriculum / classroom icon,USABLE SOURCE,Use only in its documented canonical role.,PNG,RGBA,1254,1254,1446109,True,"[60, 147, 60, 141]",[],"[60, 147, 1194, 1113]",5c14f181e7e1b6c9537d816ea6faf30d72960e169c2f7db080c57cf8fed021de,
public/icons/old-macdonald-icon-pack/topic-icons-source-chroma.png,classroom and education icon pack,curriculum / classroom icon,USABLE SOURCE,Use only in its documented canonical role.,PNG,RGB,1254,1254,1916911,False,"[0, 0, 0, 0]","['left', 'top', 'right', 'bottom']","[0, 0, 1254, 1254]",d855efeee72c040c104c22544e6f1c442cf654d3732539628a476a1890e29a6d,
public/icons/old-macdonald-icon-pack/topic-language.png,classroom and education icon pack,curriculum / classroom icon,USABLE SOURCE,Use only in its documented canonical role.,PNG,RGBA,512,512,325889,True,"[29, 64, 29, 64]",[],"[29, 64, 483, 448]",5f3887d6843210b74fe601c6e1e35a9440117003914e306547d6793ca42088cc,
public/icons/old-macdonald-icon-pack/topic-math.png,classroom and education icon pack,curriculum / classroom icon,USABLE SOURCE,Use only in its documented canonical role.,PNG,RGBA,512,512,262650,True,"[29, 81, 30, 81]",[],"[29, 81, 482, 431]",a698d2fa7af1113f3eb904cf555b18e9f88fbe83a02bf66eab448aa1b6bd804f,
public/icons/old-macdonald-icon-pack/topic-music-movement.png,classroom and education icon pack,curriculum / classroom icon,USABLE SOURCE,Use only in its documented canonical role.,PNG,RGBA,512,512,268550,True,"[29, 69, 29, 70]",[],"[29, 69, 483, 442]",9f784c5baef38c3db08a172edff2f1591ef7e4d7e23e570227557efb7d17dcad,
public/icons/old-macdonald-icon-pack/topic-routines-regulation.png,classroom and education icon pack,curriculum / classroom icon,USABLE SOURCE,Use only in its documented canonical role.,PNG,RGBA,512,512,282410,True,"[29, 68, 29, 69]",[],"[29, 68, 483, 443]",2cfa154c1716d31b7e0d87f0bc71db9fd7c71d8f59249cf1e32b7a9ad28ea581,
public/icons/staff/hopper.png,staff and student icons,character portrait / icon,USABLE SOURCE,Intentionally tight crop; preserve aspect ratio and add spacing in the layout slot.,PNG,RGBA,232,286,70612,True,"[0, 0, 12, 5]","['left', 'top']","[0, 0, 220, 281]",6bac699ee3c05faa65395ff13ca59f35e4b60439420de52e93a39ac5e57b68a4,
public/icons/staff/maisy.png,staff and student icons,character portrait / icon,USABLE SOURCE,Use only in its documented canonical role.,PNG,RGBA,250,286,81789,True,"[3, 11, 14, 6]",[],"[3, 11, 236, 280]",ea9d7dee906cff59eef6eb6b559ed01b39e213595a4f635647249429c47fc92f,
public/icons/staff/miss-hayley.png,staff and student icons,character portrait / icon,USABLE SOURCE,Intentionally tight crop; preserve aspect ratio and add spacing in the layout slot.,PNG,RGBA,232,267,79460,True,"[9, 0, 0, 0]","['top', 'right', 'bottom']","[9, 0, 232, 267]",35feac0ff87d3122a2da171440cf653cf587abd0af7b7c43a456a81ad0ce1a1e,
public/icons/staff/miss-maisy.png,staff and student icons,character portrait / icon,USABLE SOURCE,Intentionally tight crop; preserve aspect ratio and add spacing in the layout slot.,PNG,RGBA,232,286,87115,True,"[0, 0, 5, 0]","['left', 'top', 'bottom']","[0, 0, 227, 286]",3803566bca80a91e5f57d065f843d84c37e8cd8f5a71cc676d8fe997e9963b73,
public/icons/staff/miss-puddles.png,staff and student icons,character portrait / icon,USABLE SOURCE,Intentionally tight crop; preserve aspect ratio and add spacing in the layout slot.,PNG,RGBA,214,267,80885,True,"[0, 1, 0, 0]","['left', 'right', 'bottom']","[0, 1, 214, 267]",419b4a9bc49228ad705dd14f83a9da72f1bef7dc077a89272d348de5f8cfae45,
public/icons/staff/mr-maisy.png,staff and student icons,character portrait / icon,USABLE SOURCE,Intentionally tight crop; preserve aspect ratio and add spacing in the layout slot.,PNG,RGBA,250,286,84479,True,"[9, 9, 0, 0]","['right', 'bottom']","[9, 9, 250, 286]",13324f39c82af55c7a27c6d00f072decf55eb6ee94358a30bf9801257f48f36e,
public/icons/staff/mr-puddles.png,staff and student icons,character portrait / icon,USABLE SOURCE,Intentionally tight crop; preserve aspect ratio and add spacing in the layout slot.,PNG,RGBA,196,267,76123,True,"[0, 0, 0, 0]","['left', 'top', 'right', 'bottom']","[0, 0, 196, 267]",0fab1812be6e5acc385bff2b843e0226aac5003ddeff0c8a15f231367678dd58,
public/icons/staff/mr-rusty.png,staff and student icons,character portrait / icon,USABLE SOURCE,Intentionally tight crop; preserve aspect ratio and add spacing in the layout slot.,PNG,RGBA,232,285,77209,True,"[6, 3, 9, 0]",['bottom'],"[6, 3, 223, 285]",9f185cc8cd9bbbaf7a0cffd280820cc02dcde002f0278483d3b183381860fff0,
public/icons/staff/mr-sam.png,staff and student icons,character portrait / icon,USABLE SOURCE,Intentionally tight crop; preserve aspect ratio and add spacing in the layout slot.,PNG,RGBA,232,267,81407,True,"[0, 7, 7, 0]","['left', 'bottom']","[0, 7, 225, 267]",d05fa74de82a8f3c238382e0e73d74b61282474000a259dbe40f0f1052ccd151,
public/icons/staff/old-mac.png,staff and student icons,character portrait / icon,USABLE SOURCE,Intentionally tight crop; preserve aspect ratio and add spacing in the layout slot.,PNG,RGBA,232,286,83804,True,"[0, 0, 0, 6]","['left', 'top', 'right']","[0, 0, 232, 280]",7ac2e0a3fc700cea247a6e42557c0631c072078b928d0397fc0937931c36c1f1,
public/icons/staff/penny.png,staff and student icons,character portrait / icon,USABLE SOURCE,Intentionally tight crop; preserve aspect ratio and add spacing in the layout slot.,PNG,RGBA,214,267,64329,True,"[0, 0, 10, 6]","['left', 'top']","[0, 0, 204, 261]",21677318d1000b981375f751e16e2cf374fb27a087263a38458547b1e08165db,
public/icons/staff/puddles.png,staff and student icons,character portrait / icon,USABLE SOURCE,Intentionally tight crop; preserve aspect ratio and add spacing in the layout slot.,PNG,RGBA,215,267,70643,True,"[13, 7, 0, 6]",['right'],"[13, 7, 215, 261]",636005220f68d58188831f61826cdad1e64a1d45c51f50c14977bed906638c8b,
public/icons/staff/rusty.png,staff and student icons,character portrait / icon,USABLE SOURCE,Intentionally tight crop; preserve aspect ratio and add spacing in the layout slot.,PNG,RGBA,214,266,67976,True,"[10, 0, 9, 0]","['top', 'bottom']","[10, 0, 205, 266]",fd726a9d1316da9feb0d2c199c38e7852e000812eace6d14e80ec5ce42af101a,
public/icons/staff/sam.png,staff and student icons,character portrait / icon,USABLE SOURCE,Intentionally tight crop; preserve aspect ratio and add spacing in the layout slot.,PNG,RGBA,250,247,77505,True,"[12, 8, 16, 0]",['bottom'],"[12, 8, 234, 247]",7bf461faf0b0b232c31b14572e31166baacc077c807d5c870a1acd145a27218e,
public/icons/staff/scout.png,staff and student icons,character portrait / icon,USABLE SOURCE,Intentionally tight crop; preserve aspect ratio and add spacing in the layout slot.,PNG,RGBA,250,247,79949,True,"[13, 0, 8, 0]","['top', 'bottom']","[13, 0, 242, 247]",04004f6da88e13825be14b7a4dbae7a40df849566a76f4a0dac30dac19293468,
public/icons/staff/whiskers.png,staff and student icons,character portrait / icon,USABLE SOURCE,Intentionally tight crop; preserve aspect ratio and add spacing in the layout slot.,PNG,RGBA,215,247,73039,True,"[7, 0, 0, 0]","['top', 'right', 'bottom']","[7, 0, 215, 247]",60800c1fd8ea8a341503ef911e8b0659932a623675076d46fa6fb1bf4cf42802,
public/patches/hopper_badge.png,character patches,felt patch / badge,USABLE SOURCE,Use only in its documented canonical role.,PNG,RGB,1254,1254,3010102,False,"[0, 0, 0, 0]","['left', 'top', 'right', 'bottom']","[0, 0, 1254, 1254]",03c5883157d4d9aeaef369fe472d9a646212a44916e60216f00434db51bc8dd3,
public/patches/maisy.png,character patches,felt patch / badge,USABLE SOURCE,Use only in its documented canonical role.,PNG,RGBA,768,768,411202,False,"[0, 0, 0, 0]","['left', 'top', 'right', 'bottom']","[0, 0, 768, 768]",99c596d468d9fc3aafda7b9809b64af4d121fdc05e1fe2093401b6181b8e07d6,
public/patches/maisy_badge.png,character patches,felt patch / badge,USABLE SOURCE,Use only in its documented canonical role.,PNG,RGB,1254,1254,2878442,False,"[0, 0, 0, 0]","['left', 'top', 'right', 'bottom']","[0, 0, 1254, 1254]",a1918ac5f2a0f0caef9305d5491ad609f94622dd6f91bd47b9f26de766801a0e,
public/patches/miss_hayley_badge.png,character patches,felt patch / badge,USABLE SOURCE,Use only in its documented canonical role.,PNG,RGB,1254,1254,2879138,False,"[0, 0, 0, 0]","['left', 'top', 'right', 'bottom']","[0, 0, 1254, 1254]",baeeabca16c2d479851d73ab18f4329b5eacfee15a66fc36128160b31bdb4c66,
public/patches/miss_maisy_badge.png,character patches,felt patch / badge,USABLE SOURCE,Use only in its documented canonical role.,PNG,RGB,1254,1254,2944587,False,"[0, 0, 0, 0]","['left', 'top', 'right', 'bottom']","[0, 0, 1254, 1254]",ad212dc6abc0de5e74625a3545764bd16711dac885ef1c2f4fbe40b4b7965648,
public/patches/miss_puddles_badge.png,character patches,felt patch / badge,USABLE SOURCE,Use only in its documented canonical role.,PNG,RGB,1254,1254,2967411,False,"[0, 0, 0, 0]","['left', 'top', 'right', 'bottom']","[0, 0, 1254, 1254]",d1617f867a0729f10ba059c00a0c5ca1399c6426558a34d881dd285d11626954,
public/patches/mr_maisy_badge.png,character patches,felt patch / badge,USABLE SOURCE,Use only in its documented canonical role.,PNG,RGB,1254,1254,3001199,False,"[0, 0, 0, 0]","['left', 'top', 'right', 'bottom']","[0, 0, 1254, 1254]",4261bf5c4b0e2a44d64e21775b4bd58b0b00667cae8500aef7643a03c2284bb0,
public/patches/mr_puddles_badge.png,character patches,felt patch / badge,USABLE SOURCE,Use only in its documented canonical role.,PNG,RGB,1254,1254,2844155,False,"[0, 0, 0, 0]","['left', 'top', 'right', 'bottom']","[0, 0, 1254, 1254]",af710552f9591fbe91d24fbec42192bd6f26916daef415c35a60745f370aaf32,
public/patches/mr_rusty_badge.png,character patches,felt patch / badge,USABLE SOURCE,Use only in its documented canonical role.,PNG,RGB,1254,1254,2846243,False,"[0, 0, 0, 0]","['left', 'top', 'right', 'bottom']","[0, 0, 1254, 1254]",c015a88099c89337d6e30bf2eb8cdc5b1d6e64603629229589b78833d9f6826d,
public/patches/mr_sam_badge.png,character patches,felt patch / badge,USABLE SOURCE,Use only in its documented canonical role.,PNG,RGB,1254,1254,2928128,False,"[0, 0, 0, 0]","['left', 'top', 'right', 'bottom']","[0, 0, 1254, 1254]",028228fee0385dd6acabfc5c10d0d6a2de9aef08cf27e26415182a79bb7a1cd7,
public/patches/penny_badge.png,character patches,felt patch / badge,USABLE SOURCE,Use only in its documented canonical role.,PNG,RGB,1254,1254,2918001,False,"[0, 0, 0, 0]","['left', 'top', 'right', 'bottom']","[0, 0, 1254, 1254]",3d85667eedc296be6b366aa787e15245e53c993634e467a9096b90f268bace00,
public/patches/puddles_badge.png,character patches,felt patch / badge,USABLE SOURCE,Use only in its documented canonical role.,PNG,RGB,1254,1254,2864010,False,"[0, 0, 0, 0]","['left', 'top', 'right', 'bottom']","[0, 0, 1254, 1254]",4b251d480feace6917bb2fea86a749bcf79d64f20a70f860fe35dcd005b9eb24,
public/patches/rusty_badge.png,character patches,felt patch / badge,USABLE SOURCE,Use only in its documented canonical role.,PNG,RGB,1254,1254,2893628,False,"[0, 0, 0, 0]","['left', 'top', 'right', 'bottom']","[0, 0, 1254, 1254]",ae28e0c9b1903f09f1994d69b2c48e1fce3f911c3511b6de3a1485f0cecab808,
public/patches/sam_badge.png,character patches,felt patch / badge,USABLE SOURCE,Use only in its documented canonical role.,PNG,RGB,1254,1254,2912998,False,"[0, 0, 0, 0]","['left', 'top', 'right', 'bottom']","[0, 0, 1254, 1254]",0b02f617e2092ae49c07fd3a10a68923b3a2751d12607c584a08235b46868ad4,
public/patches/scout_badge.png,character patches,felt patch / badge,USABLE SOURCE,Use only in its documented canonical role.,PNG,RGB,1254,1254,2917381,False,"[0, 0, 0, 0]","['left', 'top', 'right', 'bottom']","[0, 0, 1254, 1254]",53b62e0dc98bc45c1d47721498b610fdaeb9fb24fddb12fc9e84dec628072c53,
public/patches/simple/farm_school_character_face_patch_sheet_primary_secondary_16.png,character patches,felt patch / badge,USABLE SOURCE,Use only in its documented canonical role.,PNG,RGBA,1254,1254,2609136,False,"[0, 0, 0, 0]","['left', 'top', 'right', 'bottom']","[0, 0, 1254, 1254]",a89c3cf58048f113b1fd0d894352cb1a3c42b145b3f2a03abcdacce5a7a2fbce,
public/patches/simple/Sam Simple Patch - source.png,character patches,felt patch / badge,USABLE SOURCE,Use only in its documented canonical role.,PNG,RGBA,1920,1080,230200,True,"[816, 392, 824, 397]",[],"[816, 392, 1096, 683]",245f0143e1878a9d00f61ccd1e69a0bc973f63a706f8f3d9e229c68d02de8d36,
public/patches/whiskers_badge.png,character patches,felt patch / badge,USABLE SOURCE,Use only in its documented canonical role.,PNG,RGB,1254,1254,3135362,False,"[0, 0, 0, 0]","['left', 'top', 'right', 'bottom']","[0, 0, 1254, 1254]",c763b1646af712c0007c7c95bc57e80df3c3fa1e0ac9abee8965876c21e34c4d,
public/staff_and_students/hopper-transparent-circle.png,canonical character portraits,character portrait / icon,USABLE SOURCE,Use only in its documented canonical role.,PNG,RGBA,512,512,136645,True,"[130, 48, 137, 56]",[],"[130, 48, 375, 456]",c047c037e5285b59ed2577b9be41912cb1c4dd559f9f3ee38242a22dfa00ef59,
public/staff_and_students/maisy-transparent-circle.png,canonical character portraits,character portrait / icon,USABLE SOURCE,Use only in its documented canonical role.,PNG,RGBA,512,512,209262,True,"[121, 21, 122, 21]",[],"[121, 21, 390, 491]",aac6e2ac5faf2560e8e7e4c524fdf44ad0a9997625d7da02773ff348a2009ec2,
public/staff_and_students/miss-hayley-transparent-circle.png,canonical character portraits,character portrait / icon,USABLE SOURCE,Use only in its documented canonical role.,PNG,RGBA,512,512,153956,True,"[138, 21, 141, 21]",[],"[138, 21, 371, 491]",6189136ba8dbe6d3b218a8838f02f551c67803df8919a9179f208de3c3c4978b,
public/staff_and_students/miss-maisy-transparent-circle.png,canonical character portraits,character portrait / icon,USABLE SOURCE,Use only in its documented canonical role.,PNG,RGBA,512,512,193050,True,"[129, 21, 124, 27]",[],"[129, 21, 388, 485]",a491a922a57c60548a8479da1c81d49cfef1afc8c3bdbc8e6d162930bf97adbe,
public/staff_and_students/miss-puddles-transparent-circle.png,canonical character portraits,character portrait / icon,USABLE SOURCE,Use only in its documented canonical role.,PNG,RGBA,512,512,211887,True,"[109, 28, 99, 29]",[],"[109, 28, 413, 483]",574bd3ffd22d7754d5336f67d2c878fd73c72518ca1441dde7b34adeef0ddbdf,
public/staff_and_students/mr-maisy-transparent-circle.png,canonical character portraits,character portrait / icon,USABLE SOURCE,Use only in its documented canonical role.,PNG,RGBA,512,512,198329,True,"[130, 27, 131, 21]",[],"[130, 27, 381, 491]",b8e0decc9cc93b58dd139ae98c171bcad26fcb6cfb37e8e67ec624e77d0e3075,
public/staff_and_students/mr-puddles-transparent-circle.png,canonical character portraits,character portrait / icon,USABLE SOURCE,Use only in its documented canonical role.,PNG,RGBA,512,512,138494,True,"[141, 51, 144, 54]",[],"[141, 51, 368, 458]",cf44c3add431750a051d2ba9840e51c7b93b8233e9a02a5a5522e7567575de28,
public/staff_and_students/mr-rusty-transparent-circle.png,canonical character portraits,character portrait / icon,USABLE SOURCE,Use only in its documented canonical role.,PNG,RGBA,512,512,173859,True,"[120, 21, 118, 21]",[],"[120, 21, 394, 491]",d8f4d46132ef2c85c023fadb7c09a4d9e09380137ede3c7f435e672bea39c5e3,
public/staff_and_students/mr-sam-transparent-circle.png,canonical character portraits,character portrait / icon,USABLE SOURCE,Use only in its documented canonical role.,PNG,RGBA,512,512,206139,True,"[117, 25, 116, 21]",[],"[117, 25, 396, 491]",e3ef2c7670f5367c4ac2150b722287ac92ff5c91da5f482419764fb42873ba6f,
public/staff_and_students/old-macdonald-transparent-circle.png,canonical character portraits,character portrait / icon,USABLE SOURCE,Use only in its documented canonical role.,PNG,RGBA,512,512,234624,True,"[99, 21, 103, 30]",[],"[99, 21, 409, 482]",ed12a6c783170338497b0354a9758194fbbed96dcd53bef5e752d34912e6db21,
public/staff_and_students/old-macdonald-transparent.png,canonical character portraits,character portrait / icon,USABLE SOURCE,Intentionally tight crop; preserve aspect ratio and add spacing in the layout slot.,PNG,RGBA,1029,1528,1988460,True,"[15, 0, 24, 37]",['top'],"[15, 0, 1005, 1491]",fec64cc68136eabe15d469441d76299b69eb09a5d3da9803b2c76e17478e9b11,
public/staff_and_students/old-macdonald.png,canonical character portraits,character portrait / icon,USABLE SOURCE,Use only in its documented canonical role.,PNG,RGB,1448,1086,2847643,False,"[0, 0, 0, 0]","['left', 'top', 'right', 'bottom']","[0, 0, 1448, 1086]",5b4364da78fe6c8cbdfd4a05aaebdacd87b04e929d65ab7732738e2c6a208046,
public/staff_and_students/penny-transparent-circle.png,canonical character portraits,character portrait / icon,USABLE SOURCE,Use only in its documented canonical role.,PNG,RGBA,512,512,55871,True,"[182, 147, 189, 143]",[],"[182, 147, 323, 369]",47acd846a630595708ff59fc447181dac8af1143b9eb935ba117f2422372718c,
public/staff_and_students/puddles-transparent-circle.png,canonical character portraits,character portrait / icon,USABLE SOURCE,Use only in its documented canonical role.,PNG,RGBA,512,512,141064,True,"[133, 73, 127, 64]",[],"[133, 73, 385, 448]",bb7826c1eedaa32138845894a706e32e69b494ee3dfae1e1599e48ed9a8c9a21,
public/staff_and_students/rusty-transparent-circle.png,canonical character portraits,character portrait / icon,USABLE SOURCE,Use only in its documented canonical role.,PNG,RGBA,512,512,169223,True,"[158, 21, 159, 21]",[],"[158, 21, 353, 491]",27998e14bfeec11bb64bb267071e974db740125e809c6d8d4e627d3b50f94bfc,
public/staff_and_students/sam-transparent-circle.png,canonical character portraits,character portrait / icon,USABLE SOURCE,Use only in its documented canonical role.,PNG,RGBA,512,512,191805,True,"[126, 57, 126, 48]",[],"[126, 57, 386, 464]",99dc5fa10e4505b396793369c5001e26b3bd9c83aa295e861d42a6cf6c647e10,
public/staff_and_students/scout-transparent-circle.png,canonical character portraits,character portrait / icon,USABLE SOURCE,Use only in its documented canonical role.,PNG,RGBA,512,512,156434,True,"[110, 77, 116, 65]",[],"[110, 77, 396, 447]",4316df179cb853f3bfb2c4df2cf0f128bb3b7836105adad0355b95f7f4d1fecb,
public/staff_and_students/whiskers-transparent-circle.png,canonical character portraits,character portrait / icon,USABLE SOURCE,Use only in its documented canonical role.,PNG,RGBA,512,512,148894,True,"[131, 50, 140, 58]",[],"[131, 50, 372, 454]",1dcfc47f49a402a603502e3256931d7f1af4e14cb977898f766b6e7fa34a3f46,
public/texture-assets/craft-material-atlas.png,legacy and production texture assets,reference sheet / atlas,REFERENCE ONLY,Use to select or compare assets; do not flatten interactive UI from it.,PNG,RGB,1254,1254,3213304,False,"[0, 0, 0, 0]","['left', 'top', 'right', 'bottom']","[0, 0, 1254, 1254]",70b016d7dd55e1ad73f9c32973f679b09f64bf56dc214291e4634949b69abfb6,
public/texture-assets/fastener-sprite-sheet-keyed.png,legacy and production texture assets,reference sheet / atlas,REFERENCE ONLY,Use to select or compare assets; do not flatten interactive UI from it.,PNG,RGB,1536,1024,1382224,False,"[0, 0, 0, 0]","['left', 'top', 'right', 'bottom']","[0, 0, 1536, 1024]",a4c9644263b64cc73ab7fca9a58c89c3e8159b1933aa23c1e73dffd1d2f2603c,
public/texture-assets/fastener-sprite-sheet.png,legacy and production texture assets,reference sheet / atlas,REFERENCE ONLY,Use to select or compare assets; do not flatten interactive UI from it.,PNG,RGBA,1536,1024,371302,True,"[256, 92, 289, 125]",[],"[256, 92, 1247, 899]",3619d1a1ceb95827c03626962caf956f6849dd384aef322680a856c8e74a628d,
public/texture-assets/felt-denim-tile.png,legacy and production texture assets,repeatable material texture,USABLE SOURCE,Use only in its documented canonical role.,PNG,RGBA,627,627,982767,False,"[0, 0, 0, 0]","['left', 'top', 'right', 'bottom']","[0, 0, 627, 627]",b4572bd4293191cbad93f759407e680edb490e5855b76a70f18c52defb9c5a28,
public/texture-assets/felt-tomato-tile.png,legacy and production texture assets,repeatable material texture,USABLE SOURCE,Use only in its documented canonical role.,PNG,RGBA,627,627,862986,False,"[0, 0, 0, 0]","['left', 'top', 'right', 'bottom']","[0, 0, 627, 627]",f4194c0d604bedc75f76605fbe92168a428cba0250fe9fdf426b2acb0bda5cfd,
public/texture-assets/kraft-light-tile.png,legacy and production texture assets,repeatable material texture,USABLE SOURCE,Use only in its documented canonical role.,PNG,RGBA,627,627,866688,False,"[0, 0, 0, 0]","['left', 'top', 'right', 'bottom']","[0, 0, 627, 627]",2e0ea426a0a4a97bc4bd45824d1b155c5d599740b8fa4f68254bdf3c430e2a4e,
public/texture-assets/kraft-warm-tile.png,legacy and production texture assets,repeatable material texture,USABLE SOURCE,Use only in its documented canonical role.,PNG,RGBA,627,627,928427,False,"[0, 0, 0, 0]","['left', 'top', 'right', 'bottom']","[0, 0, 627, 627]",2ab7648477e2a1ccf27fb0f954d2ab2090429c425bbaf20163a3dafb88f0e022,
public/texture-assets/material-kit-v2/badge-canvas-oval.png,legacy and production texture assets,felt patch / badge,USABLE SOURCE,Use only in its documented canonical role.,PNG,RGBA,512,512,422828,True,"[1, 69, 73, 127]",[],"[1, 69, 439, 385]",973ea3e5d5e960cc4e3ef52a8a44b6302317c9ffb8b2e152f499359bfc7d37b8,
public/texture-assets/material-kit-v2/badge-cream-flower.png,legacy and production texture assets,felt patch / badge,USABLE SOURCE,Use only in its documented canonical role.,PNG,RGBA,512,512,402678,True,"[38, 2, 65, 58]",[],"[38, 2, 447, 454]",8dc0363fd437602e6572502aef95dd955b4130ec7c9bc2836cb9a3ca80d36f9d,
public/texture-assets/material-kit-v2/badge-denim-round.png,legacy and production texture assets,felt patch / badge,USABLE SOURCE,Use only in its documented canonical role.,PNG,RGBA,512,512,462531,True,"[63, 51, 14, 29]",[],"[63, 51, 498, 483]",e2cf5bd275e8366eb2ba5a66f5c6f09cbace39ddb124e16263a879d2f98709e4,
public/texture-assets/material-kit-v2/badge-mustard-rectangle.png,legacy and production texture assets,felt patch / badge,USABLE SOURCE,Use only in its documented canonical role.,PNG,RGBA,512,512,423418,True,"[1, 69, 73, 127]",[],"[1, 69, 439, 385]",8831d96135ddc0bb1ed845fb0898763fd1014ba6796d1e2193c9c9381ae5c911,
public/texture-assets/material-kit-v2/badge-navy-hex.png,legacy and production texture assets,felt patch / badge,USABLE SOURCE,Use only in its documented canonical role.,PNG,RGBA,512,512,410952,True,"[53, 11, 8, 83]",[],"[53, 11, 504, 429]",bd4a2c6435b1afb4748d0bc2f86d2e4ab01c9983cd0518dc46e9f53ddb4705c4,
public/texture-assets/material-kit-v2/badge-red-scalloped.png,legacy and production texture assets,felt patch / badge,REVIEW: POSSIBLE CLIPPING,Opaque alpha reaches canvas edge; inspect before development use.,PNG,RGBA,512,512,440582,True,"[34, 43, 0, 22]",['right'],"[34, 43, 512, 490]",707b4d2ee87362b6abc433d6eda2f25a86cf00022444bebac0b73f036cc6e3fa,
public/texture-assets/material-kit-v2/brand-kit-sheet.png,legacy and production texture assets,curriculum / classroom icon,USABLE SOURCE,Use only in its documented canonical role.,PNG,RGB,1331,1181,3411336,False,"[0, 0, 0, 0]","['left', 'top', 'right', 'bottom']","[0, 0, 1331, 1181]",86e8bc7b501c54a80f3843802acac123524cd2103d3611cd242ac2d56a950c02,
public/texture-assets/material-kit-v2/patch-label.png,legacy and production texture assets,felt patch / badge,REVIEW: POSSIBLE CLIPPING,Opaque alpha reaches canvas edge; inspect before development use.,PNG,RGBA,512,512,169123,True,"[0, 128, 7, 214]",['left'],"[0, 128, 505, 298]",fa0aab66e44e0712c8c31f38bc2a42077aea40c2736a96c848bcae837928f67e,
public/texture-assets/material-kit-v2/patch-scalloped.png,legacy and production texture assets,felt patch / badge,USABLE SOURCE,Use only in its documented canonical role.,PNG,RGBA,512,512,328951,True,"[44, 122, 34, 87]",[],"[44, 122, 478, 425]",6fb05a28b9f13b477005b728d8ef38c954ff0dd0219be8090c9810b4031f20ff,
public/texture-assets/material-kit-v2/patch-square.png,legacy and production texture assets,felt patch / badge,USABLE SOURCE,Use only in its documented canonical role.,PNG,RGBA,512,512,279031,True,"[63, 35, 97, 141]",[],"[63, 35, 415, 371]",a87c23f785947878c885db5654cf6d38cf8bf6b0cdac4ddd2c4ca30c4b79eee3,
public/texture-assets/material-kit-v2/patch-tall.png,legacy and production texture assets,felt patch / badge,REVIEW: POSSIBLE CLIPPING,Opaque alpha reaches canvas edge; inspect before development use.,PNG,RGBA,512,512,318595,True,"[108, 0, 0, 120]","['top', 'right']","[108, 0, 512, 392]",1739167991846630b9aa501f6f141997e28b5fd07da3f814f6248cf243e41c9c,
public/texture-assets/material-kit-v2/patch-wide.png,legacy and production texture assets,felt patch / badge,REVIEW: POSSIBLE CLIPPING,Opaque alpha reaches canvas edge; inspect before development use.,PNG,RGBA,512,512,282772,True,"[39, 128, 8, 0]",['bottom'],"[39, 128, 504, 512]",ab265b72087bdf24ca87df6f33eaf3eed88488cad14e5bd70fa2abde10f9c402,
public/texture-assets/material-kit-v2/patch-zigzag.png,legacy and production texture assets,felt patch / badge,USABLE SOURCE,Use only in its documented canonical role.,PNG,RGBA,512,512,278585,True,"[63, 35, 97, 141]",[],"[63, 35, 415, 371]",7c78823dd64d6f6564ae3f13089ec4ac2f4c230560f395fe5259037f9269544a,
public/texture-assets/material-kit-v2/rectangular-patch-atlas-keyed.png,legacy and production texture assets,reference sheet / atlas,REFERENCE ONLY,Use to select or compare assets; do not flatten interactive UI from it.,PNG,RGB,1536,1024,2228570,False,"[0, 0, 0, 0]","['left', 'top', 'right', 'bottom']","[0, 0, 1536, 1024]",ff6ab4907797dba495d0e6692b38f48392226afea73fe5c29154fc230b990e38,
public/texture-assets/material-kit-v2/rectangular-patch-atlas.png,legacy and production texture assets,reference sheet / atlas,REFERENCE ONLY,Use to select or compare assets; do not flatten interactive UI from it.,PNG,RGBA,1536,1024,1567491,True,"[39, 119, 57, 120]",[],"[39, 119, 1479, 904]",5651eea2779d9ec0637790aae84e9bea2218348920765b7b56b697ef97d63e97,
public/texture-assets/material-kit-v2/sewn-button-badge-atlas-keyed.png,legacy and production texture assets,reference sheet / atlas,REFERENCE ONLY,Use to select or compare assets; do not flatten interactive UI from it.,PNG,RGB,1536,1024,2712386,False,"[0, 0, 0, 0]","['left', 'top', 'right', 'bottom']","[0, 0, 1536, 1024]",02dd8d0c5ef7b20eeec9faa2aa95ad1d573db14b2ced6d891cfa2f67c944c885,
public/texture-assets/material-kit-v2/sewn-button-badge-atlas.png,legacy and production texture assets,reference sheet / atlas,REFERENCE ONLY,Use to select or compare assets; do not flatten interactive UI from it.,PNG,RGBA,1536,1024,2196722,True,"[53, 43, 46, 58]",[],"[53, 43, 1490, 966]",64a096d3a9fde99660769dba0cef61d1d5b2122229a5dcc9ec2d2569d5b462d5,
public/texture-assets/patch-cow.png,legacy and production texture assets,felt patch / badge,USABLE SOURCE,Use only in its documented canonical role.,PNG,RGB,187,163,54893,False,"[0, 0, 0, 0]","['left', 'top', 'right', 'bottom']","[0, 0, 187, 163]",4ac25c1effbd6201f6a869909c8ca918d61ba1538635da13164445d7bf15765e,
public/texture-assets/patch-horse.png,legacy and production texture assets,felt patch / badge,USABLE SOURCE,Use only in its documented canonical role.,PNG,RGB,168,184,53847,False,"[0, 0, 0, 0]","['left', 'top', 'right', 'bottom']","[0, 0, 168, 184]",9143e79341875d90fdf55f7874e92cc45093de5e175c31234d55085efe095060,
public/texture-assets/stitch-corner-bottom-left-alt.png,legacy and production texture assets,curriculum / classroom icon,USABLE SOURCE,Use only in its documented canonical role.,PNG,RGBA,512,512,100100,True,"[64, 101, 83, 80]",[],"[64, 101, 429, 432]",c5d9f617fdb5d7e455664cca175257404a44d012cc3ae59e372f39334c709d20,
public/texture-assets/stitch-corner-bottom-left.png,legacy and production texture assets,curriculum / classroom icon,USABLE SOURCE,Use only in its documented canonical role.,PNG,RGBA,512,512,100100,True,"[64, 101, 83, 80]",[],"[64, 101, 429, 432]",c5d9f617fdb5d7e455664cca175257404a44d012cc3ae59e372f39334c709d20,
public/texture-assets/stitch-corner-bottom-right.png,legacy and production texture assets,curriculum / classroom icon,USABLE SOURCE,Use only in its documented canonical role.,PNG,RGBA,512,512,100712,True,"[58, 98, 91, 80]",[],"[58, 98, 421, 432]",dbf94fd86692ae857bce82e19df42fc863ac72ea4730c69f772cf45d4ef5a09b,
public/texture-assets/stitch-corner-top-left.png,legacy and production texture assets,curriculum / classroom icon,USABLE SOURCE,Use only in its documented canonical role.,PNG,RGBA,512,512,111959,True,"[33, 92, 101, 61]",[],"[33, 92, 411, 451]",b1471c5486ee66ad806c630fb2e86104b4662ae84a4d21f20b21a4b12def1d56,
public/texture-assets/stitch-corner-top-right.png,legacy and production texture assets,curriculum / classroom icon,USABLE SOURCE,Use only in its documented canonical role.,PNG,RGBA,512,512,108330,True,"[74, 70, 66, 92]",[],"[74, 70, 446, 420]",025ef0a838b00d884c940f76eb78e64ab9be8d5795fd5e5996f902f600a43d55,
public/texture-assets/stitch-horizontal.png,legacy and production texture assets,curriculum / classroom icon,USABLE SOURCE,Intentionally tight crop; preserve aspect ratio and add spacing in the layout slot.,PNG,RGBA,512,512,75437,True,"[57, 250, 0, 200]",['right'],"[57, 250, 512, 312]",3e6d4de28ea0dc97a6a1274f6271babd72beda082950a9594e53098e8524e879,
public/texture-assets/stitch-vertical.png,legacy and production texture assets,curriculum / classroom icon,USABLE SOURCE,Intentionally tight crop; preserve aspect ratio and add spacing in the layout slot.,PNG,RGBA,512,512,83845,True,"[0, 48, 227, 35]",['left'],"[0, 48, 285, 477]",14066eeed9ca1e866eeac6f261b06bec6110c60ca15852b76674207c13ed792e,
public/texture-assets/stitched-border-atlas-keyed.png,legacy and production texture assets,reference sheet / atlas,REFERENCE ONLY,Use to select or compare assets; do not flatten interactive UI from it.,PNG,RGB,1536,1024,1478014,False,"[0, 0, 0, 0]","['left', 'top', 'right', 'bottom']","[0, 0, 1536, 1024]",2dcf24af268cdae496d067ea39b6a2b0c311227070f057062c26ab5043662e87,
public/texture-assets/stitched-border-atlas.png,legacy and production texture assets,reference sheet / atlas,REFERENCE ONLY,Use to select or compare assets; do not flatten interactive UI from it.,PNG,RGBA,1536,1024,499587,True,"[57, 48, 83, 80]",[],"[57, 48, 1453, 944]",e40cfea6bdb303c1593a0ca47f526b58698bbf144d695fea24886bb4d57b18a7,
